Japanese,Kana,Romaji,Meaning,Part of speech,Chapter,Register,Usage note,Example 1 (Japanese),Example 1 (English),Example 2 (Japanese),Example 2 (English),Contrast,Misuse note
わくわく,わくわく,wakuwaku,feeling excited/thrilled,onomatopoeia,Anticipation and Emotion,neutral,Positive excitement directed toward something enjoyable that is about to happen. It often appears with する or in the adverbial form わくわくと.,旅行を前にわくわくしている。,I'm feeling excited ahead of the trip.,子どもたちは遠足の話を聞いて、わくわくし始めた。,The children began to get excited when they heard about the field trip.,うきうき / どきどき,"Use どきどき, not わくわく, when the focus is a pounding heart caused by anxiety or romantic tension."
どきどき,どきどき,dokidoki,heart pounding (nervous/excited),onomatopoeia,Anticipation and Emotion,neutral,"Describes a noticeably pounding heartbeat caused by fear, suspense, excitement, or attraction. 胸 or 心臓 is often the grammatical subject.",発表前で胸がどきどきしている。,My heart is pounding before the presentation.,好きな人から電話が来て、胸がどきどきした。,My heart raced when someone I liked called.,わくわく / はらはら,It describes the bodily sensation more directly than わくわく; it does not by itself say whether the emotion is pleasant.
はらはら,はらはら,harahara,feeling anxious/on edge,onomatopoeia,Anticipation and Emotion,neutral,"Anxiety while watching a risky or uncertain situation unfold, often when someone else may fail or get hurt.",はらはらしながら結果を待った。,I waited for the results feeling on edge.,子どもが高い所に登るのを、はらはらしながら見ていた。,I watched nervously as the child climbed up high.,どきどき / そわそわ,"Unlike どきどき, the emphasis is usually on concern about the unfolding situation, not on your heartbeat."
うきうき,うきうき,ukiuki,feeling cheerful and buoyant,onomatopoeia,Anticipation and Emotion,neutral,"A light, cheerful mood that shows in someone's manner or movement, often after good news or while making pleasant plans.",うきうきした気分で出かけた。,I went out feeling cheerful and buoyant.,彼女は新しい服を着て、うきうきと駅へ向かった。,She put on her new clothes and headed to the station in a buoyant mood.,わくわく / にこにこ,わくわく focuses more strongly on anticipation of a particular event; うきうき can describe the cheerful mood itself.
いらいら,いらいら,iraira,feeling irritated,onomatopoeia,Anticipation and Emotion,neutral,"Restless irritation that builds because of a delay, repeated annoyance, noise, or something that will not go as expected.",渋滞にいらいらした。,I felt irritated by the traffic jam.,隣の工事の音が続いて、だんだんいらいらしてきた。,"The construction noise next door kept going, and I grew increasingly irritated.",むかむか / ぷんぷん,"It is milder and more restless than ぷんぷん, which presents anger as obvious to other people."
むかむか,むかむか,mukamuka,feeling nauseous/annoyed,onomatopoeia,Anticipation and Emotion,neutral,"Has two common readings: a queasy sensation rising from the stomach, or anger that wells up when you recall or witness something offensive. Context identifies which one is meant.",胃がむかむかする。,My stomach feels nauseous.,彼の無責任な態度を思い出すと、今でもむかむかする。,Remembering his irresponsible attitude still makes me furious.,いらいら / ぷんぷん,"Do not translate it automatically as 'nauseous'; with a person, remark, or memory as the cause, it often expresses anger instead."
びくびく,びくびく,bikubiku,feeling fearful/timid,onomatopoeia,Anticipation and Emotion,neutral,"Continuing fear that makes someone cower, flinch, or behave cautiously, especially under a perceived threat or authority.",叱られないかとびくびくしていた。,I was timidly worried about being scolded.,犬は大きな音にびくびくして、机の下から出てこなかった。,The dog cowered at the loud noises and would not come out from under the desk.,おどおど / びくっと,A single startled jerk is びくっと. びくびく describes an ongoing fearful state or repeated reaction.
おどおど,おどおど,odoodo,acting nervously/timidly,onomatopoeia,Anticipation and Emotion,neutral,"Nervous uncertainty that is visible in someone's eyes, voice, or behavior, especially in an unfamiliar situation or before an intimidating person.",初めての場でおどおどしてしまった。,I ended up acting nervous in the unfamiliar setting.,質問されると、彼はおどおどした声で答えた。,"When questioned, he answered in a nervous, faltering voice.",びくびく / もじもじ,It often sounds critical when used about another person. びくびく emphasizes fear; おどおど emphasizes visibly unsure behavior.
そわそわ,そわそわ,sowasowa,feeling restless/fidgety,onomatopoeia,Anticipation and Emotion,neutral,Being unable to settle down because something is expected or on your mind. The cause may be worry or excitement.,結果が気になってそわそわしている。,"I'm feeling restless, worried about the result.",面接の結果が届く日なので、朝からそわそわしている。,"The interview result is due today, so I have been restless since morning.",わくわく / おどおど,"It describes unsettled attention or behavior, not physical trembling. Use ぶるぶる for visible shaking from cold or fear."
くよくよ,くよくよ,kuyokuyo,brooding; worrying persistently,onomatopoeia,Anticipation and Emotion,neutral,"Dwelling repeatedly on a mistake, disappointment, or worry without making progress. It commonly appears in advice such as くよくよしないで.",失敗をくよくよ気にしないほうがいい。,It's better not to brood over your mistake.,終わったことをいつまでもくよくよしても仕方がない。,There is no point continuing to brood over something that is already over.,もやもや / いらいら,It is not careful planning or productive concern; it carries a negative sense of being mentally stuck on the problem.
もやもや,もやもや,moyamoya,feeling unclear/unsettled,onomatopoeia,"Unsettled Feelings, Weather, and Temperature",neutral,"A vague, unresolved discomfort when a reason, answer, or feeling is still unclear. It often appears as もやもやする or 胸がもやもやする.",説明を聞いてももやもやが残った。,"Even after hearing the explanation, an unsettled feeling remained.",言いたいことを言えず、帰り道も胸がもやもやしていた。,"I could not say what I wanted, and the unsettled feeling stayed with me on the way home.",くよくよ / すっきり,It is more than not understanding a fact: it suggests a hazy feeling that remains unresolved. くよくよ is repeated brooding over a known concern.
じめじめ,じめじめ,jimejime,damp and humid,onomatopoeia,"Unsettled Feelings, Weather, and Temperature",neutral,"Unpleasant, lingering dampness in the air, a room, clothing, or another environment. It commonly describes Japan's rainy-season humidity.",梅雨時期はじめじめしている。,It's damp and humid during the rainy season.,洗濯物が乾かず、部屋の中までじめじめしている。,"The laundry will not dry, and even the room feels damp and clammy.",からっと / べたべた,It does not simply mean that something is wet once; it suggests persistent dampness or humidity. べたべた focuses on a sticky surface.
からっと,からっと,karatto,dry and crisp (weather/food),onomatopoeia,"Unsettled Feelings, Weather, and Temperature",neutral,"Describes clear, refreshing weather without oppressive humidity, or food fried with a light, dry, crisp finish. It can also describe a frank, easygoing personality.",からっと晴れた秋の一日だった。,"It was a dry, crisp, clear autumn day.",この天ぷらは衣がからっと揚がっている。,The batter on this tempura is fried light and crisp.,じめじめ / ぱりぱり,The word includes a favorable sense of dryness or freshness; it is not a general replacement for every use of 'dry.'
じりじり,じりじり,jirijiri,scorching (sun); slowly and steadily,onomatopoeia,"Unsettled Feelings, Weather, and Temperature",neutral,"Can describe the sun burning against the skin, or a person or situation advancing little by little while pressure or impatience builds.",太陽がじりじりと照りつけた。,The sun beat down with a scorching intensity.,相手のチームはじりじりとこちらのゴールに近づいてきた。,The opposing team edged steadily closer to our goal.,かんかん / じわじわ,"The gradual sense usually carries pressure, tension, or impatience; use じわじわ for a more neutral gradual spread or effect."
ぽかぽか,ぽかぽか,pokapoka,pleasantly warm,onomatopoeia,"Unsettled Feelings, Weather, and Temperature",neutral,"Gentle, pleasant warmth felt from sunshine, a room, a bath, or within the body. The word has a comfortable rather than intense tone.",ぽかぽかとした春の陽気だった。,It was pleasantly warm spring weather.,日なたに座っていると、背中がぽかぽかしてきた。,"As I sat in the sun, my back began to feel pleasantly warm.",ひんやり / ほかほか,Do not use it for oppressive heat. ほかほか is especially common for warm food or something giving off fresh heat.
ひんやり,ひんやり,hin'yari,noticeably cool,onomatopoeia,"Unsettled Feelings, Weather, and Temperature",neutral,"The sensation of coolness in air, a room, a surface, or something touching the body. It is often refreshing, though context can make it eerie or uncomfortable.",地下室に入ると、空気がひんやりしていた。,"When I entered the basement, the air felt cool.",冷たいタオルを額に当てると、ひんやりして気持ちよかった。,The cool towel felt refreshing when I placed it on my forehead.,ぽかぽか / ひやり,"ひんやり describes a continuing cool sensation. ひやり often marks a sudden chill, including a figurative chill of fear."
ぶるぶる,ぶるぶる,buruburu,shivering/trembling,onomatopoeia,"Unsettled Feelings, Weather, and Temperature",neutral,"Visible repeated trembling of the body or a body part from cold, fear, anger, or nervousness. It often accompanies 震える.",寒くてぶるぶる震えた。,I shivered from the cold.,名前を呼ばれた瞬間、緊張で手がぶるぶる震えた。,"The moment my name was called, my hands shook with nerves.",がくがく / ぴくぴく,"It describes continuous or repeated shaking, not a single startle. ぴくぴく is a small twitch; がくがく often involves the knees, legs, or joints."
がたがた,がたがた,gatagata,rattling/shaking,onomatopoeia,"Unsettled Feelings, Weather, and Temperature",neutral,"A loud, repeated rattle of hard objects, or violent bodily shaking. With teeth, it commonly describes chattering from cold or fear.",窓が風でがたがた鳴った。,The window rattled in the wind.,寒さで歯ががたがた鳴った。,My teeth chattered from the cold.,かたかた / ぶるぶる,"かたかた is generally a lighter rattle. When used for a person, がたがた suggests stronger shaking than ぶるぶる and can sound dramatic."
ざあざあ,ざあざあ,zaazaa,sound of pouring rain or rushing water,onomatopoeia,"Unsettled Feelings, Weather, and Temperature",neutral,"The loud, continuous sound of heavy rain or water flowing or being poured with force. It can also describe harsh static noise.",雨がざあざあ降っている。,The rain is pouring down heavily.,外は雨がざあざあ降っていて、話し声も聞こえない。,Rain was pouring outside so loudly that I could not hear the conversation.,しとしと / じゃあじゃあ,"It implies force and volume, so it does not suit a light drizzle. じゃあじゃあ is especially common for water running from a tap."
しとしと,しとしと,shitoshito,gently and steadily falling rain,onomatopoeia,"Unsettled Feelings, Weather, and Temperature",neutral,"Quiet, fine rain falling gently and continuously. The word evokes a subdued atmosphere rather than a brief scattering of drops.",しとしとと雨が降り続いた。,The rain continued falling gently and steadily.,朝から細かい雨がしとしと降っている。,A fine rain has been falling softly since morning.,ざあざあ / ぽつぽつ,It is normally used for rain and suggests continuity. Use ぽつぽつ when isolated drops are just beginning to fall.
びゅうびゅう,びゅうびゅう,byuubyuu,sound of a strong wind,onomatopoeia,"Wind, Light, and Surfaces",neutral,"The loud, sustained sound of a strong wind. It normally appears with 風 and 吹く and makes the force of the weather audible.",外は風がびゅうびゅう吹いている。,"Outside, the wind is howling.",夜になると、強い風がびゅうびゅうと屋根を鳴らした。,"At night, the strong wind howled and rattled the roof.",そよそよ / びゅっと,"It implies audible force, not merely windy weather. Use そよそよ for a soft breeze and びゅっと for one brief rush of air."
そよそよ,そよそよ,soyosoyo,"a soft, gentle breeze",onomatopoeia,"Wind, Light, and Surfaces",neutral,"A soft breeze moving lightly and continuously, often pleasant enough to stir leaves, hair, or curtains without force.",そよそよと風が吹いていた。,A gentle breeze was blowing.,木の葉がそよそよと揺れるくらいの風だった。,The breeze was just strong enough to make the leaves rustle gently.,びゅうびゅう / ゆらゆら,It is limited to gentle wind. ゆらゆら describes the swaying object itself rather than the breeze moving it.
ごろごろ,ごろごろ,gorogoro,rumbling; rolling; lounging around,onomatopoeia,"Wind, Light, and Surfaces",neutral,"A highly polysemous word: thunder or a heavy object can rumble or roll, while a person can ごろごろする by lying around without doing much.",休日は家でごろごろしている。,"On my days off, I lounge around at home.",雷が遠くでごろごろ鳴っている。,Thunder is rumbling in the distance.,ころころ / だらだら,The lounging meaning uses ごろごろする and does not literally mean that the person is rolling. ころころ suggests lighter or smaller rolling objects.
ぴかぴか,ぴかぴか,pikapika,gleaming; polished and shiny,onomatopoeia,"Wind, Light, and Surfaces",neutral,"A clean, polished surface reflecting light brightly. It can also emphasize that an object or a beginner is brand-new, as in ぴかぴかの一年生.",床をぴかぴかに磨いた。,I polished the floor until it gleamed.,買ったばかりの鍋はまだぴかぴかだ。,The pan I just bought is still gleaming and new.,きらきら / ぎらぎら,"It commonly describes an evenly shiny, clean surface. きらきら is better for many small points of twinkling or reflected light."
きらきら,きらきら,kirakira,glittering; twinkling,onomatopoeia,"Wind, Light, and Surfaces",neutral,"Many small, lively points of light glittering or twinkling. It also describes bright, eager eyes and usually carries a positive or attractive tone.",星がきらきらと輝いていた。,The stars were twinkling.,子どもの目が期待できらきら輝いていた。,The child's eyes sparkled with anticipation.,ぴかぴか / ぎらぎら,"Use ぎらぎら when the light or gaze feels harsh, excessive, or aggressive. ぴかぴか often suggests a polished surface."
ぎらぎら,ぎらぎら,giragira,glaring; harshly dazzling,onomatopoeia,"Wind, Light, and Surfaces",neutral,"Harsh, excessive light that glares rather than sparkles. With eyes, it can suggest intense ambition, greed, aggression, or predatory focus.",太陽がぎらぎらと照っている。,The sun is glaring fiercely.,彼は獲物を狙うようなぎらぎらした目をしていた。,His eyes had the fierce glare of someone hunting prey.,きらきら / ぴかぴか,"The word often has an unpleasant or intimidating intensity. Do not substitute it for the delicate, positive sparkle of きらきら."
どんより,どんより,donyori,heavily overcast; gloomy,onomatopoeia,"Wind, Light, and Surfaces",neutral,"A sky covered by heavy, dull clouds, or a similarly heavy and gloomy mood, expression, or atmosphere.",空がどんより曇っている。,The sky is heavily overcast.,悪い知らせを聞いて、気分がどんよりした。,The bad news left me feeling gloomy and weighed down.,からっと / しょんぼり,It is not simply darkness; it conveys dull heaviness. しょんぼり focuses on a visibly dejected person rather than the surrounding atmosphere.
からから,からから,karakara,parched; completely dry,onomatopoeia,"Wind, Light, and Surfaces",neutral,"Extreme lack of moisture, especially a parched throat, dried-out ground, or an empty dry container. Other contexts can use it for a bright laugh or a hard rattling sound.",喉がからからに乾いた。,My throat was completely parched.,雨が何週間も降らず、畑の土がからからに乾いていた。,"No rain had fallen for weeks, and the soil in the field was bone-dry.",からっと / さらさら,"For weather or food, からっと often expresses pleasant crisp dryness. からから usually emphasizes that moisture is thoroughly gone."
べたべた,べたべた,betabeta,sticky; clingy,onomatopoeia,"Wind, Light, and Surfaces",neutral,"An unpleasant sticky surface or something repeatedly sticking to another surface. Figuratively, it can criticize people for being physically or emotionally clingy.",手がべたべたして気持ち悪い。,My hands feel unpleasantly sticky.,暑くてシャツが背中にべたべた張りついた。,It was so hot that my shirt stuck to my back.,ぬるぬる / さらさら,"ぬるぬる suggests a slick, slimy surface; べたべた suggests tackiness or repeated close contact and often sounds negative."
さらさら,さらさら,sarasara,smooth and dry; flowing lightly,onomatopoeia,"Wind, Light, and Surfaces",neutral,"A dry, smooth texture without stickiness, or a light, unobstructed flow such as hair, sand, water, or handwriting. It can also represent the soft sound of water or leaves.",さらさらの髪がうらやましい。,"I'm envious of her smooth, silky hair.",小川の水がさらさらと音を立てて流れている。,"The stream is flowing with a soft, light murmur.",べたべた / つるつる,"つるつる emphasizes a smooth, often slippery surface. さらさら emphasizes dryness, looseness, or an easy light flow."
ふわふわ,ふわふわ,fuwafuwa,"soft, light, and fluffy",onomatopoeia,Texture and Eating,neutral,"Describes an airy softness, as in hair, towels, cushions, or fur. It can also describe something floating lightly through the air.",ふわふわのクッションを買った。,"I bought a soft, fluffy cushion.",洗いたてのタオルがふわふわで気持ちいい。,The freshly washed towel feels wonderfully soft and fluffy.,ふかふか / もこもこ,"Use ふかふか when thickness and springiness matter more than lightness, and もこもこ for bulky, puffed-up volume."
ごつごつ,ごつごつ,gotsugotsu,"hard, rough, and knobbly",onomatopoeia,Texture and Eating,neutral,"Used for a hard surface with large, uneven projections, such as bare rock, knuckles, or a heavy, angular object.",ごつごつした岩肌を登った。,"I climbed the rough, rugged rock face.",彼の手は節がごつごつしている。,"His hands have large, knobbly joints.",でこぼこ / ざらざら,"ざらざら describes a fine, grainy roughness. ごつごつ suggests larger hard bumps that you can see or feel individually."
つるつる,つるつる,tsurutsuru,smooth; slick; slippery,onomatopoeia,Texture and Eating,neutral,"Describes an unbroken, low-friction surface. Depending on context, it may be pleasantly smooth, glossy, or dangerously slippery.",床が凍って、つるつる滑る。,The frozen floor is extremely slippery.,このうどんはつるつるしていて、のどごしがいい。,These udon noodles are smooth and go down easily.,すべすべ / ざらざら,"The word does not always mean slippery in a negative sense. For skin, noodles, and polished objects, smooth or glossy may be the better translation."
ざらざら,ざらざら,zarazara,rough and grainy,onomatopoeia,Texture and Eating,neutral,"Describes many small irregularities that make a surface feel coarse, like sandpaper, dry skin, or hair stiff with salt.",表面がざらざらしている。,The surface feels rough and grainy.,海で泳いだ後、髪が塩でざらざらになった。,"After swimming in the sea, the salt left my hair feeling rough.",つるつる / ごつごつ,"Use ごつごつ for large, hard bumps. ざらざら is the finer roughness you feel when you run a hand across a surface."
ぬるぬる,ぬるぬる,nurunuru,slimy and slippery,onomatopoeia,Texture and Eating,neutral,"Used when a wet coating makes something both slimy and hard to grip, as with fish, seaweed, soap, or algae-covered stones.",魚の体がぬるぬるしている。,The fish's body is slimy.,石けんが手に残って、指がぬるぬるする。,"There is still soap on my hands, so my fingers feel slippery.",ねばねば / つるつる,ねばねば is sticky and often forms strings; ぬるぬる is wet and slick. A clean polished surface can be つるつる without being slimy.
ぷよぷよ,ぷよぷよ,puyopuyo,"soft, springy, and jiggly",onomatopoeia,Texture and Eating,casual,"Describes something that yields when pressed and jiggles back, such as a baby's cheeks, soft gel, or a little body fat.",赤ちゃんのほっぺがぷよぷよだ。,The baby's cheeks are soft and squishy.,ゼリーを指で押すと、ぷよぷよと揺れた。,"When I pressed the jelly with my finger, it wobbled.",ふわふわ / ぶよぶよ,"The word is playful and casual. When used about an adult's body, it can sound teasing or rude; ぶよぶよ is even more negative and suggests flabbiness."
がりがり,がりがり,garigari,with a hard crunch or scrape,onomatopoeia,Texture and Eating,neutral,Represents a repeated harsh sound made by biting something very hard or scraping one hard surface against another.,氷をがりがりとかじった。,I crunched loudly on the ice.,猫がドアをがりがり引っかいている。,The cat is scratching hard at the door.,ぼりぼり / ばりばり,"For pleasantly crisp food, さくさく or ぱりぱり is often better. がりがり stresses hardness and a rough, grating sound; it can also mean extremely thin in a different construction."
ぼりぼり,ぼりぼり,boribori,with a coarse crunch; scratching repeatedly,onomatopoeia,Texture and Eating,casual,"Imitates the repeated coarse sound of chewing hard, dry food. It also describes scratching the head or body again and again.",せんべいをぼりぼり食べた。,I crunched away at the rice crackers.,彼は困ったように頭をぼりぼりかいた。,"Looking puzzled, he scratched his head vigorously.",がりがり / ぽりぽり,"The word sounds casual and slightly rough. ぽりぽり is lighter; がりがり suggests a harder, more grating bite or scrape."
もぐもぐ,もぐもぐ,mogumogu,chewing with the mouth working,onomatopoeia,Texture and Eating,casual,"Focuses on the visible, repeated movement of a closed mouth while someone chews. It is common in friendly descriptions of children or animals.",パンをもぐもぐと食べていた。,I was munching on some bread.,口いっぱいに入れたまま、まだもぐもぐしている。,He still has his mouth full and is chewing away.,むしゃむしゃ / ぱくぱく,"もぐもぐ does not necessarily mean slowly. むしゃむしゃ suggests hearty or less refined eating, while ぱくぱく emphasizes taking one bite after another."
ぺろぺろ,ぺろぺろ,peropero,licking repeatedly,onomatopoeia,Texture and Eating,casual,"Describes repeated small licks, especially by an animal or child, or when eating something such as an ice pop or lollipop.",アイスをぺろぺろなめた。,I kept licking the ice cream.,犬が飼い主の手をぺろぺろなめた。,The dog kept licking its owner's hand.,ぺろり / ぺろっと,"The repeated action can sound childlike or animal-like. Use ぺろりと when the point is that someone finished food quickly and completely, not that they kept licking it."
がぶがぶ,がぶがぶ,gabugabu,"drinking in large, repeated gulps",onomatopoeia,Food and Cooking,casual,"Describes drinking a large amount in repeated mouthfuls, often quickly and without much restraint. It can imply that the amount is excessive.",水をがぶがぶ飲んだ。,I gulped down a lot of water.,運動の後、冷たい麦茶をがぶがぶ飲んだ。,"After exercising, I gulped down glass after glass of cold barley tea.",ぐびぐび / ちびちび,ぐびぐび draws attention to successive swallows and the sound in the throat. がぶがぶ emphasizes the large amount going into the mouth.
ちびちび,ちびちび,chibichibi,sipping a little at a time,onomatopoeia,Food and Cooking,casual,Describes making a drink last by taking small sips over time. It is especially common with sake and other alcoholic drinks.,お酒をちびちび飲んだ。,I sipped my drink a little at a time.,彼は一杯の日本酒を一時間かけてちびちび飲んでいた。,He spent an hour slowly sipping a single cup of sake.,ぐびぐび / がぶがぶ,"The word can suggest relaxed enjoyment, but in other contexts ちびちび may sound overly cautious or stingy. It is the opposite of drinking freely in large gulps."
ぐびぐび,ぐびぐび,gubigubi,gulping in quick succession,onomatopoeia,Food and Cooking,casual,"Evokes repeated, audible swallows as someone drinks eagerly. It often appears with beer, water, or another refreshing drink.",のどが渇いてぐびぐび飲んだ。,I was thirsty and took gulp after gulp.,彼は冷えたビールをぐびぐび飲み干した。,He gulped down the cold beer and finished it.,がぶがぶ / ちびちび,"It is vivid and informal, not a polite description of drinking. がぶがぶ stresses quantity; ぐびぐび makes the sequence of swallows easier to hear or imagine."
ぱくぱく,ぱくぱく,pakupaku,eating one bite after another,onomatopoeia,Food and Cooking,casual,"Shows the mouth opening and closing as someone eats readily, often with a good appetite. It can sound cheerful when used about a child or animal.",子供がおやつをぱくぱく食べた。,The child happily ate one bite after another.,苦手だった野菜を、今日はぱくぱく食べている。,Today she is happily eating the vegetables she used to dislike.,もぐもぐ / がつがつ,It does not necessarily mean bad table manners or an open mouth while chewing. がつがつ is greedier; もぐもぐ focuses on the chewing motion after food is in the mouth.
むしゃむしゃ,むしゃむしゃ,mushamusha,munching vigorously,onomatopoeia,Food and Cooking,casual,"Describes energetic, repeated chewing, often when someone or an animal is hungry and eating with little hesitation.",おにぎりをむしゃむしゃ食べた。,I munched vigorously on the rice ball.,うさぎがキャベツの葉をむしゃむしゃ食べている。,The rabbit is munching away at a cabbage leaf.,もぐもぐ / がつがつ,"Used about a person, it may suggest rough or unrefined eating. もぐもぐ is gentler; がつがつ adds a stronger sense of greed or desperation."
ぐつぐつ,ぐつぐつ,gutsugutsu,bubbling steadily as it cooks,onomatopoeia,Food and Cooking,neutral,Describes food or liquid producing repeated bubbles as it cooks in a pot. The boil is active enough to be seen and heard.,鍋がぐつぐつ煮えている。,The contents of the pot are bubbling steadily.,弱火でスープをぐつぐつ煮込んだ。,I let the soup bubble away over low heat.,ことこと / ふつふつ,"English simmer may be too gentle in some contexts. ことこと suggests quieter slow cooking, while ふつふつ often describes small bubbles just beginning to rise."
じゅうじゅう,じゅうじゅう,juujuu,sizzling,onomatopoeia,Food and Cooking,neutral,"Imitates the sustained hiss made when fat, moisture, or sauce hits a hot pan, grill, or metal plate.",肉がじゅうじゅう焼ける音がした。,I heard the meat sizzling as it cooked.,熱い鉄板にソースをかけると、じゅうじゅう音がした。,The sauce sizzled when I poured it onto the hot iron plate.,ぱちぱち / ぐつぐつ,"Use ぐつぐつ for liquid bubbling in a pot. ぱちぱち is a series of short, sharp pops rather than a sustained sizzle."
ぱちぱち,ぱちぱち,pachipachi,with repeated light pops or claps,onomatopoeia,Food and Cooking,neutral,"Represents a series of small, sharp sounds, including a fire crackling, hands clapping, sparks snapping, or camera shutters clicking.",焚き火がぱちぱちと音を立てた。,The bonfire crackled.,観客はぱちぱちと手をたたいた。,The audience clapped their hands.,ぱちん / じゅうじゅう,"ぱちん is usually one distinct snap, clap, or click. ぱちぱち repeats; it does not have the sustained hissing quality of じゅうじゅう."
ぱりぱり,ぱりぱり,paripari,"thin, dry, and crisp",onomatopoeia,Food and Cooking,neutral,"Describes a thin, dry food or material that snaps cleanly and makes a light crackling sound, such as nori, pastry skin, or dry paper.",海苔がぱりぱりで美味しい。,The seaweed is crisp and delicious.,焼きたての春巻きの皮がぱりぱりしている。,The freshly fried spring-roll wrapper is wonderfully crisp.,さくさく / ばりばり,"さくさく is a lighter, crumbly crispness in foods such as cookies or tempura. ばりばり suggests a louder, rougher tearing or crunching sound."
しんなり,しんなり,shinnari,softened and pliable,onomatopoeia,Food and Cooking,neutral,Used when leafy vegetables or another firm ingredient loses stiffness through heat or salt and becomes soft enough to bend.,野菜がしんなりするまで炒めた。,I stir-fried the vegetables until they softened.,キャベツに塩を振り、しんなりしたら水気を絞る。,"Salt the cabbage, then squeeze out the water once it has softened.",くたくた / しゃきしゃき,"In cooking, しんなり often describes the desired stage, not spoiled produce. くたくた suggests much softer, thoroughly cooked food; しゃきしゃき keeps its crisp bite."
にこにこ,にこにこ,nikoniko,smiling happily,onomatopoeia,"Faces, Laughter, and Fatigue",neutral,Expresses smiling happily. Check the example for the kind of subject and situation it naturally describes.,赤ちゃんがにこにこ笑っている。,The baby is smiling happily.,,,,Do not rely on the English gloss alone; the natural subject and construction vary by mimetic word.
にやにや,にやにや,niyaniya,smirking; grinning,onomatopoeia,"Faces, Laughter, and Fatigue",neutral,Expresses smirking; grinning. Check the example for the kind of subject and situation it naturally describes.,何を思い出したのかにやにやしている。,"He's grinning, thinking of something.",,,,Do not rely on the English gloss alone; the natural subject and construction vary by mimetic word.
げらげら,げらげら,geragera,laughing loudly,onomatopoeia,"Faces, Laughter, and Fatigue",neutral,Expresses laughing loudly. Check the example for the kind of subject and situation it naturally describes.,面白い話にげらげら笑った。,I laughed loudly at the funny story.,,,,Do not rely on the English gloss alone; the natural subject and construction vary by mimetic word.
くすくす,くすくす,kusukusu,giggling quietly,onomatopoeia,"Faces, Laughter, and Fatigue",neutral,Expresses giggling quietly. Check the example for the kind of subject and situation it naturally describes.,友人とくすくす笑い合った。,My friend and I giggled quietly together.,,,,Do not rely on the English gloss alone; the natural subject and construction vary by mimetic word.
しくしく,しくしく,shikushiku,sobbing quietly,onomatopoeia,"Faces, Laughter, and Fatigue",neutral,Expresses sobbing quietly. Check the example for the kind of subject and situation it naturally describes.,子供がしくしく泣いていた。,The child was sobbing quietly.,,,,Do not rely on the English gloss alone; the natural subject and construction vary by mimetic word.
わんわん,わんわん,wanwan,crying loudly (also: dog bark),onomatopoeia,"Faces, Laughter, and Fatigue",neutral,Expresses crying loudly (also: dog bark). Check the example for the kind of subject and situation it naturally describes.,転んでわんわん泣いた。,He fell down and cried loudly.,,,,Do not rely on the English gloss alone; the natural subject and construction vary by mimetic word.
めそめそ,めそめそ,mesomeso,whimpering; sniveling,onomatopoeia,"Faces, Laughter, and Fatigue",neutral,Expresses whimpering; sniveling. Check the example for the kind of subject and situation it naturally describes.,いつまでもめそめそしないで。,Don't keep whimpering forever.,,,,Do not rely on the English gloss alone; the natural subject and construction vary by mimetic word.
ぐったり,ぐったり,guttari,exhausted; limp,onomatopoeia,"Faces, Laughter, and Fatigue",neutral,Expresses exhausted; limp. Check the example for the kind of subject and situation it naturally describes.,暑さでぐったりしてしまった。,I became exhausted from the heat.,,,,Do not rely on the English gloss alone; the natural subject and construction vary by mimetic word.
へとへと,へとへと,hetoheto,utterly exhausted,onomatopoeia,"Faces, Laughter, and Fatigue",neutral,Expresses utterly exhausted. Check the example for the kind of subject and situation it naturally describes.,長時間労働でへとへとだ。,I'm utterly exhausted from working long hours.,,,,Do not rely on the English gloss alone; the natural subject and construction vary by mimetic word.
くたくた,くたくた,kutakuta,worn out; tired,onomatopoeia,"Faces, Laughter, and Fatigue",neutral,Expresses worn out; tired. Check the example for the kind of subject and situation it naturally describes.,引っ越し作業でくたくたになった。,I got worn out from the moving work.,,,,Do not rely on the English gloss alone; the natural subject and construction vary by mimetic word.
ぴんぴん,ぴんぴん,pinpin,lively; in good health,onomatopoeia,"Sleep, Looking, and Wandering",neutral,Expresses lively; in good health. Check the example for the kind of subject and situation it naturally describes.,祖父は九十歳でもぴんぴんしている。,My grandfather is lively even at ninety.,,,,Do not rely on the English gloss alone; the natural subject and construction vary by mimetic word.
すやすや,すやすや,suyasuya,sleeping peacefully,onomatopoeia,"Sleep, Looking, and Wandering",neutral,Expresses sleeping peacefully. Check the example for the kind of subject and situation it naturally describes.,赤ちゃんがすやすや眠っている。,The baby is sleeping peacefully.,,,,Do not rely on the English gloss alone; the natural subject and construction vary by mimetic word.
ぐうぐう,ぐうぐう,guuguu,snoring loudly,onomatopoeia,"Sleep, Looking, and Wandering",neutral,Expresses snoring loudly. Check the example for the kind of subject and situation it naturally describes.,父がぐうぐういびきをかいている。,My father is snoring loudly.,,,,Do not rely on the English gloss alone; the natural subject and construction vary by mimetic word.
うとうと,うとうと,utouto,dozing off,onomatopoeia,"Sleep, Looking, and Wandering",neutral,Expresses dozing off. Check the example for the kind of subject and situation it naturally describes.,電車の中でうとうとしてしまった。,I ended up dozing off on the train.,,,,Do not rely on the English gloss alone; the natural subject and construction vary by mimetic word.
ぼんやり,ぼんやり,bon'yari,absent-mindedly; vaguely,onomatopoeia,"Sleep, Looking, and Wandering",neutral,Expresses absent-mindedly; vaguely. Check the example for the kind of subject and situation it naturally describes.,窓の外をぼんやり眺めた。,I gazed absent-mindedly out the window.,,,,Do not rely on the English gloss alone; the natural subject and construction vary by mimetic word.
きょろきょろ,きょろきょろ,kyorokyoro,looking around restlessly,onomatopoeia,"Sleep, Looking, and Wandering",neutral,Expresses looking around restlessly. Check the example for the kind of subject and situation it naturally describes.,周りをきょろきょろ見回した。,I looked around restlessly.,,,,Do not rely on the English gloss alone; the natural subject and construction vary by mimetic word.
じろじろ,じろじろ,jirojiro,staring intently,onomatopoeia,"Sleep, Looking, and Wandering",neutral,Expresses staring intently. Check the example for the kind of subject and situation it naturally describes.,じろじろ見られて恥ずかしかった。,I was embarrassed being stared at.,,,,Do not rely on the English gloss alone; the natural subject and construction vary by mimetic word.
ちらちら,ちらちら,chirachira,glancing repeatedly; flickering,onomatopoeia,"Sleep, Looking, and Wandering",neutral,Expresses glancing repeatedly; flickering. Check the example for the kind of subject and situation it naturally describes.,時計をちらちら見ていた。,I kept glancing at the clock.,,,,Do not rely on the English gloss alone; the natural subject and construction vary by mimetic word.
じっと,じっと,jitto,staying still; staring fixedly,onomatopoeia,"Sleep, Looking, and Wandering",neutral,Expresses staying still; staring fixedly. Check the example for the kind of subject and situation it naturally describes.,じっと座って待った。,I sat still and waited.,,,,Do not rely on the English gloss alone; the natural subject and construction vary by mimetic word.
うろうろ,うろうろ,urouro,wandering aimlessly,onomatopoeia,"Sleep, Looking, and Wandering",neutral,Expresses wandering aimlessly. Check the example for the kind of subject and situation it naturally describes.,駅の周りをうろうろしていた。,I was wandering aimlessly around the station.,,,,Do not rely on the English gloss alone; the natural subject and construction vary by mimetic word.
のろのろ,のろのろ,noronoro,moving slowly,onomatopoeia,Ways of Moving,neutral,Expresses moving slowly. Check the example for the kind of subject and situation it naturally describes.,渋滞でのろのろ運転になった。,It became slow-moving driving due to the traffic jam.,,,,Do not rely on the English gloss alone; the natural subject and construction vary by mimetic word.
さっさと,さっさと,sassato,quickly; promptly,onomatopoeia,Ways of Moving,neutral,Expresses quickly; promptly. Check the example for the kind of subject and situation it naturally describes.,さっさと片付けを済ませた。,I quickly finished tidying up.,,,,Do not rely on the English gloss alone; the natural subject and construction vary by mimetic word.
てきぱき,てきぱき,tekipaki,efficiently; briskly,onomatopoeia,Ways of Moving,neutral,Expresses efficiently; briskly. Check the example for the kind of subject and situation it naturally describes.,てきぱきと仕事をこなした。,She handled the work briskly and efficiently.,,,,Do not rely on the English gloss alone; the natural subject and construction vary by mimetic word.
ばたばた,ばたばた,batabata,hectic; running around busily,onomatopoeia,Ways of Moving,neutral,Expresses hectic; running around busily. Check the example for the kind of subject and situation it naturally describes.,朝からばたばたしている。,It's been hectic since morning.,,,,Do not rely on the English gloss alone; the natural subject and construction vary by mimetic word.
どたばた,どたばた,dotabata,noisy commotion; hustle and bustle,onomatopoeia,Ways of Moving,neutral,Expresses noisy commotion; hustle and bustle. Check the example for the kind of subject and situation it naturally describes.,引っ越しでどたばたしていた。,There was a hustle and bustle from the move.,,,,Do not rely on the English gloss alone; the natural subject and construction vary by mimetic word.
すたすた,すたすた,sutasuta,walking briskly,onomatopoeia,Ways of Moving,neutral,Expresses walking briskly. Check the example for the kind of subject and situation it naturally describes.,すたすたと歩いて先に行った。,He walked briskly ahead.,,,,Do not rely on the English gloss alone; the natural subject and construction vary by mimetic word.
とぼとぼ,とぼとぼ,tobotobo,trudging wearily,onomatopoeia,Ways of Moving,neutral,Expresses trudging wearily. Check the example for the kind of subject and situation it naturally describes.,疲れてとぼとぼ歩いた。,"I trudged wearily, tired out.",,,,Do not rely on the English gloss alone; the natural subject and construction vary by mimetic word.
よちよち,よちよち,yochiyochi,toddling,onomatopoeia,Ways of Moving,neutral,Expresses toddling. Check the example for the kind of subject and situation it naturally describes.,赤ちゃんがよちよち歩いている。,The baby is toddling along.,,,,Do not rely on the English gloss alone; the natural subject and construction vary by mimetic word.
ふらふら,ふらふら,furafura,staggering; feeling dizzy,onomatopoeia,Ways of Moving,neutral,Expresses staggering; feeling dizzy. Check the example for the kind of subject and situation it naturally describes.,熱でふらふらする。,I feel dizzy from the fever.,,,,Do not rely on the English gloss alone; the natural subject and construction vary by mimetic word.
よろよろ,よろよろ,yoroyoro,tottering; wobbling,onomatopoeia,Ways of Moving,neutral,Expresses tottering; wobbling. Check the example for the kind of subject and situation it naturally describes.,疲れてよろよろと歩いた。,"I walked tottering, exhausted.",,,,Do not rely on the English gloss alone; the natural subject and construction vary by mimetic word.
どすん,どすん,dosun,a heavy thud,onomatopoeia,Impact Sounds and Pain,neutral,Expresses a heavy thud. Check the example for the kind of subject and situation it naturally describes.,荷物をどすんと置いた。,I set the luggage down with a heavy thud.,,,,Do not rely on the English gloss alone; the natural subject and construction vary by mimetic word.
ばたん,ばたん,batan,a bang (door slamming),onomatopoeia,Impact Sounds and Pain,neutral,Expresses a bang (door slamming). Check the example for the kind of subject and situation it naturally describes.,ドアがばたんと閉まった。,The door slammed shut with a bang.,,,,Do not rely on the English gloss alone; the natural subject and construction vary by mimetic word.
がしゃん,がしゃん,gashan,a crashing/shattering sound,onomatopoeia,Impact Sounds and Pain,neutral,Expresses a crashing/shattering sound. Check the example for the kind of subject and situation it naturally describes.,皿ががしゃんと割れた。,The plate shattered with a crash.,,,,Do not rely on the English gloss alone; the natural subject and construction vary by mimetic word.
どんっ,どんっ,don,a bang/thud (impact),onomatopoeia,Impact Sounds and Pain,neutral,Expresses a bang/thud (impact). Check the example for the kind of subject and situation it naturally describes.,どんっと肩がぶつかった。,My shoulder bumped into something with a thud.,,,,Do not rely on the English gloss alone; the natural subject and construction vary by mimetic word.
こつこつ,こつこつ,kotsukotsu,tapping sound; steadily (diligently),onomatopoeia,Impact Sounds and Pain,neutral,Expresses tapping sound; steadily (diligently). Check the example for the kind of subject and situation it naturally describes.,こつこつと貯金を続けている。,I keep steadily saving money little by little.,,,,Do not rely on the English gloss alone; the natural subject and construction vary by mimetic word.
かちかち,かちかち,kachikachi,ticking sound; rock hard,onomatopoeia,Impact Sounds and Pain,neutral,Expresses ticking sound; rock hard. Check the example for the kind of subject and situation it naturally describes.,時計がかちかちと音を立てる。,The clock makes a ticking sound.,,,,Do not rely on the English gloss alone; the natural subject and construction vary by mimetic word.
ぴりぴり,ぴりぴり,piripiri,tingling; on edge (nerves),onomatopoeia,Impact Sounds and Pain,neutral,Expresses tingling; on edge (nerves). Check the example for the kind of subject and situation it naturally describes.,辛い物を食べて舌がぴりぴりする。,My tongue is tingling from eating spicy food.,,,,Do not rely on the English gloss alone; the natural subject and construction vary by mimetic word.
ずきずき,ずきずき,zukizuki,throbbing pain,onomatopoeia,Impact Sounds and Pain,neutral,Expresses throbbing pain. Check the example for the kind of subject and situation it naturally describes.,頭がずきずき痛む。,My head is throbbing with pain.,,,,Do not rely on the English gloss alone; the natural subject and construction vary by mimetic word.
がんがん,がんがん,gangan,pounding (headache); intensely,onomatopoeia,Impact Sounds and Pain,neutral,Expresses pounding (headache); intensely. Check the example for the kind of subject and situation it naturally describes.,二日酔いで頭ががんがんする。,My head is pounding from the hangover.,,,,Do not rely on the English gloss alone; the natural subject and construction vary by mimetic word.
ちくちく,ちくちく,chikuchiku,prickling; stinging,onomatopoeia,Impact Sounds and Pain,neutral,Expresses prickling; stinging. Check the example for the kind of subject and situation it naturally describes.,セーターが肌にちくちくする。,The sweater prickles against my skin.,,,,Do not rely on the English gloss alone; the natural subject and construction vary by mimetic word.
ひりひり,ひりひり,hirihiri,stinging pain (sunburn etc.),onomatopoeia,Body Reactions and Startle,neutral,Expresses stinging pain (sunburn etc.). Check the example for the kind of subject and situation it naturally describes.,日焼けした肌がひりひりする。,My sunburned skin is stinging.,,,,Do not rely on the English gloss alone; the natural subject and construction vary by mimetic word.
むずむず,むずむず,muzumuzu,itchy; restless urge,onomatopoeia,Body Reactions and Startle,neutral,Expresses itchy; restless urge. Check the example for the kind of subject and situation it naturally describes.,虫刺されがむずむずかゆい。,The insect bite itches restlessly.,,,,Do not rely on the English gloss alone; the natural subject and construction vary by mimetic word.
がくがく,がくがく,gakugaku,shaking; wobbly (legs),onomatopoeia,Body Reactions and Startle,neutral,Expresses shaking; wobbly (legs). Check the example for the kind of subject and situation it naturally describes.,緊張で膝ががくがく震えた。,My knees shook wobbly from nervousness.,,,,Do not rely on the English gloss alone; the natural subject and construction vary by mimetic word.
ぴくぴく,ぴくぴく,pikupiku,twitching,onomatopoeia,Body Reactions and Startle,neutral,Expresses twitching. Check the example for the kind of subject and situation it naturally describes.,まぶたがぴくぴく痙攣した。,My eyelid twitched with a spasm.,,,,Do not rely on the English gloss alone; the natural subject and construction vary by mimetic word.
どきっと,どきっと,dokitto,a sudden startled heartbeat,onomatopoeia,Body Reactions and Startle,neutral,Expresses a sudden startled heartbeat. Check the example for the kind of subject and situation it naturally describes.,名前を呼ばれてどきっとした。,My heart skipped a beat when my name was called.,,,,Do not rely on the English gloss alone; the natural subject and construction vary by mimetic word.
ひやっと,ひやっと,hiyatto,a chill of fear/surprise,onomatopoeia,Body Reactions and Startle,neutral,Expresses a chill of fear/surprise. Check the example for the kind of subject and situation it naturally describes.,車にぶつかりそうになりひやっとした。,I felt a chill of fear as I almost hit a car.,,,,Do not rely on the English gloss alone; the natural subject and construction vary by mimetic word.
ぎくっと,ぎくっと,gikutto,startled with guilt/shock,onomatopoeia,Body Reactions and Startle,neutral,Expresses startled with guilt/shock. Check the example for the kind of subject and situation it naturally describes.,指摘されてぎくっとした。,I was startled with guilt when it was pointed out.,,,,Do not rely on the English gloss alone; the natural subject and construction vary by mimetic word.
はっと,はっと,hatto,suddenly realizing/startled,onomatopoeia,Body Reactions and Startle,neutral,Expresses suddenly realizing/startled. Check the example for the kind of subject and situation it naturally describes.,忘れ物にはっと気づいた。,I suddenly realized I'd forgotten something.,,,,Do not rely on the English gloss alone; the natural subject and construction vary by mimetic word.
ぎょっと,ぎょっと,gyotto,startled/shocked,onomatopoeia,Body Reactions and Startle,neutral,Expresses startled/shocked. Check the example for the kind of subject and situation it naturally describes.,突然の物音にぎょっとした。,I was startled by the sudden noise.,,,,Do not rely on the English gloss alone; the natural subject and construction vary by mimetic word.
うんざり,うんざり,unzari,fed up; sick and tired,onomatopoeia,Body Reactions and Startle,neutral,Expresses fed up; sick and tired. Check the example for the kind of subject and situation it naturally describes.,毎日の残業にうんざりしている。,I'm sick and tired of the daily overtime.,,,,Do not rely on the English gloss alone; the natural subject and construction vary by mimetic word.
すっきり,すっきり,sukkiri,refreshed; clear-headed,onomatopoeia,"Relief, Disappointment, and Surprise",neutral,Expresses refreshed; clear-headed. Check the example for the kind of subject and situation it naturally describes.,シャワーを浴びてすっきりした。,I felt refreshed after taking a shower.,,,,Do not rely on the English gloss alone; the natural subject and construction vary by mimetic word.
さっぱり,さっぱり,sappari,refreshed; light and clean (feeling),onomatopoeia,"Relief, Disappointment, and Surprise",neutral,Expresses refreshed; light and clean (feeling). Check the example for the kind of subject and situation it naturally describes.,髪を切ってさっぱりした気分だ。,I feel refreshed after cutting my hair.,,,,Do not rely on the English gloss alone; the natural subject and construction vary by mimetic word.
ゆったり,ゆったり,yuttari,relaxed; spacious,onomatopoeia,"Relief, Disappointment, and Surprise",neutral,Expresses relaxed; spacious. Check the example for the kind of subject and situation it naturally describes.,温泉でゆったりと過ごした。,I spent a relaxed time at the hot spring.,,,,Do not rely on the English gloss alone; the natural subject and construction vary by mimetic word.
のんびり,のんびり,nonbiri,leisurely; relaxed,onomatopoeia,"Relief, Disappointment, and Surprise",neutral,Expresses leisurely; relaxed. Check the example for the kind of subject and situation it naturally describes.,休日はのんびり過ごしている。,I spend my holidays in a relaxed way.,,,,Do not rely on the English gloss alone; the natural subject and construction vary by mimetic word.
ほっと,ほっと,hotto,feeling relieved,onomatopoeia,"Relief, Disappointment, and Surprise",neutral,Expresses feeling relieved. Check the example for the kind of subject and situation it naturally describes.,無事に終わってほっとした。,I felt relieved that it ended safely.,,,,Do not rely on the English gloss alone; the natural subject and construction vary by mimetic word.
にっこり,にっこり,nikkori,smiling brightly,onomatopoeia,"Relief, Disappointment, and Surprise",neutral,Expresses smiling brightly. Check the example for the kind of subject and situation it naturally describes.,にっこりと笑って挨拶した。,She smiled brightly and greeted me.,,,,Do not rely on the English gloss alone; the natural subject and construction vary by mimetic word.
がっかり,がっかり,gakkari,disappointed,onomatopoeia,"Relief, Disappointment, and Surprise",neutral,Expresses disappointed. Check the example for the kind of subject and situation it naturally describes.,結果を聞いてがっかりした。,I was disappointed to hear the result.,,,,Do not rely on the English gloss alone; the natural subject and construction vary by mimetic word.
しょんぼり,しょんぼり,shonbori,dejected; downcast,onomatopoeia,"Relief, Disappointment, and Surprise",neutral,Expresses dejected; downcast. Check the example for the kind of subject and situation it naturally describes.,叱られてしょんぼりしていた。,He was dejected after being scolded.,,,,Do not rely on the English gloss alone; the natural subject and construction vary by mimetic word.
がっくり,がっくり,gakkuri,disheartened; slumping (in disappointment),onomatopoeia,"Relief, Disappointment, and Surprise",neutral,Expresses disheartened; slumping (in disappointment). Check the example for the kind of subject and situation it naturally describes.,落選してがっくりと肩を落とした。,He slumped his shoulders in disappointment after losing the election.,,,,Do not rely on the English gloss alone; the natural subject and construction vary by mimetic word.
びっくり,びっくり,bikkuri,surprised,onomatopoeia,"Relief, Disappointment, and Surprise",neutral,Expresses surprised. Check the example for the kind of subject and situation it naturally describes.,急な知らせにびっくりした。,I was surprised by the sudden news.,,,,Do not rely on the English gloss alone; the natural subject and construction vary by mimetic word.
どっきり,どっきり,dokkiri,a startling surprise/prank,onomatopoeia,Strong Feelings and Sudden Action,neutral,Expresses a startling surprise/prank. Check the example for the kind of subject and situation it naturally describes.,どっきりを仕掛けられた。,A prank was played on me.,,,,Do not rely on the English gloss alone; the natural subject and construction vary by mimetic word.
うっとり,うっとり,uttori,entranced; captivated,onomatopoeia,Strong Feelings and Sudden Action,neutral,Expresses entranced; captivated. Check the example for the kind of subject and situation it naturally describes.,美しい景色にうっとりした。,I was entranced by the beautiful scenery.,,,,Do not rely on the English gloss alone; the natural subject and construction vary by mimetic word.
ほれぼれ,ほれぼれ,horebore,admiringly captivated,onomatopoeia,Strong Feelings and Sudden Action,neutral,Expresses admiringly captivated. Check the example for the kind of subject and situation it naturally describes.,見事な演奏にほれぼれした。,I was admiringly captivated by the splendid performance.,,,,Do not rely on the English gloss alone; the natural subject and construction vary by mimetic word.
ぐっと,ぐっと,gutto,firmly; a surge (of emotion),onomatopoeia,Strong Feelings and Sudden Action,neutral,Expresses firmly; a surge (of emotion). Check the example for the kind of subject and situation it naturally describes.,言葉にぐっときた。,The words moved me deeply.,,,,Do not rely on the English gloss alone; the natural subject and construction vary by mimetic word.
じんと,じんと,jinto,a warm feeling (moved emotionally),onomatopoeia,Strong Feelings and Sudden Action,neutral,Expresses a warm feeling (moved emotionally). Check the example for the kind of subject and situation it naturally describes.,心にじんと響く言葉だった。,It was words that resonated warmly in my heart.,,,,Do not rely on the English gloss alone; the natural subject and construction vary by mimetic word.
きゅんと,きゅんと,kyunto,a heart-fluttering pang,onomatopoeia,Strong Feelings and Sudden Action,neutral,Expresses a heart-fluttering pang. Check the example for the kind of subject and situation it naturally describes.,その仕草に胸がきゅんとした。,My heart fluttered at that gesture.,,,,Do not rely on the English gloss alone; the natural subject and construction vary by mimetic word.
ずっしり,ずっしり,zusshiri,heavy (weighty),onomatopoeia,Strong Feelings and Sudden Action,neutral,Expresses heavy (weighty). Check the example for the kind of subject and situation it naturally describes.,荷物がずっしり重い。,The luggage is quite heavy.,,,,Do not rely on the English gloss alone; the natural subject and construction vary by mimetic word.
どっしり,どっしり,dosshiri,solid and steady; imposing,onomatopoeia,Strong Feelings and Sudden Action,neutral,Expresses solid and steady; imposing. Check the example for the kind of subject and situation it naturally describes.,どっしりと構えて話を聞いた。,He listened to the story with steady composure.,,,,Do not rely on the English gloss alone; the natural subject and construction vary by mimetic word.
ふらっと,ふらっと,furatto,casually; on a whim (dropping by),onomatopoeia,Strong Feelings and Sudden Action,neutral,Expresses casually; on a whim (dropping by). Check the example for the kind of subject and situation it naturally describes.,ふらっと立ち寄った店だ。,It's a shop I dropped by on a whim.,,,,Do not rely on the English gloss alone; the natural subject and construction vary by mimetic word.
ぱっと,ぱっと,patto,suddenly; in a flash,onomatopoeia,Strong Feelings and Sudden Action,neutral,Expresses suddenly; in a flash. Check the example for the kind of subject and situation it naturally describes.,ぱっと明かりがついた。,The light suddenly turned on.,,,,Do not rely on the English gloss alone; the natural subject and construction vary by mimetic word.
さっと,さっと,satto,quickly; swiftly,onomatopoeia,"Progress, Delay, and Confusion",neutral,Expresses quickly; swiftly. Check the example for the kind of subject and situation it naturally describes.,さっと身をかわした。,He swiftly dodged out of the way.,,,,Do not rely on the English gloss alone; the natural subject and construction vary by mimetic word.
ぐんぐん,ぐんぐん,gungun,rapidly growing/progressing,onomatopoeia,"Progress, Delay, and Confusion",neutral,Expresses rapidly growing/progressing. Check the example for the kind of subject and situation it naturally describes.,子供がぐんぐん成長している。,The child is growing rapidly.,,,,Do not rely on the English gloss alone; the natural subject and construction vary by mimetic word.
めきめき,めきめき,mekimeki,remarkably (improving),onomatopoeia,"Progress, Delay, and Confusion",neutral,Expresses remarkably (improving). Check the example for the kind of subject and situation it naturally describes.,実力がめきめき上達した。,His skill improved remarkably.,,,,Do not rely on the English gloss alone; the natural subject and construction vary by mimetic word.
みるみる,みるみる,mirumiru,visibly; before one's eyes,onomatopoeia,"Progress, Delay, and Confusion",neutral,Expresses visibly; before one's eyes. Check the example for the kind of subject and situation it naturally describes.,顔がみるみる赤くなった。,His face visibly turned red.,,,,Do not rely on the English gloss alone; the natural subject and construction vary by mimetic word.
どんどん,どんどん,dondon,rapidly; one after another,onomatopoeia,"Progress, Delay, and Confusion",neutral,Expresses rapidly; one after another. Check the example for the kind of subject and situation it naturally describes.,新しいアイデアがどんどん出てきた。,New ideas kept coming out one after another.,,,,Do not rely on the English gloss alone; the natural subject and construction vary by mimetic word.
ずるずる,ずるずる,zuruzuru,dragging on; slurping,onomatopoeia,"Progress, Delay, and Confusion",neutral,Expresses dragging on; slurping. Check the example for the kind of subject and situation it naturally describes.,決断がずるずると先延ばしになった。,The decision kept dragging on and being postponed.,,,,Do not rely on the English gloss alone; the natural subject and construction vary by mimetic word.
だらだら,だらだら,daradara,lazily; dragging on aimlessly,onomatopoeia,"Progress, Delay, and Confusion",neutral,Expresses lazily; dragging on aimlessly. Check the example for the kind of subject and situation it naturally describes.,だらだらとテレビを見て過ごした。,I spent the time lazily watching TV.,,,,Do not rely on the English gloss alone; the natural subject and construction vary by mimetic word.
うろたえる,うろたえる,urotaeru,to be flustered,onomatopoeia,"Progress, Delay, and Confusion",neutral,Expresses to be flustered. Check the example for the kind of subject and situation it naturally describes.,突然の質問にうろたえた。,I was flustered by the sudden question.,,,,Do not rely on the English gloss alone; the natural subject and construction vary by mimetic word.
あたふた,あたふた,atafuta,flustered; in a fluster,onomatopoeia,"Progress, Delay, and Confusion",neutral,Expresses flustered; in a fluster. Check the example for the kind of subject and situation it naturally describes.,急な来客にあたふたした。,I was flustered by the sudden visitor.,,,,Do not rely on the English gloss alone; the natural subject and construction vary by mimetic word.
おろおろ,おろおろ,orooro,bewildered; at a loss,onomatopoeia,"Progress, Delay, and Confusion",neutral,Expresses bewildered; at a loss. Check the example for the kind of subject and situation it naturally describes.,事故現場でおろおろするばかりだった。,I was just bewildered and at a loss at the accident scene.,,,,Do not rely on the English gloss alone; the natural subject and construction vary by mimetic word.
もじもじ,もじもじ,mojimoji,fidgeting shyly,onomatopoeia,Social Behavior and Chatter,neutral,Expresses fidgeting shyly. Check the example for the kind of subject and situation it naturally describes.,恥ずかしそうにもじもじしていた。,"She was fidgeting shyly, looking embarrassed.",,,,Do not rely on the English gloss alone; the natural subject and construction vary by mimetic word.
いちゃいちゃ,いちゃいちゃ,ichaicha,being lovey-dovey,onomatopoeia,Social Behavior and Chatter,neutral,Expresses being lovey-dovey. Check the example for the kind of subject and situation it naturally describes.,カップルがいちゃいちゃしていた。,The couple was being lovey-dovey.,,,,Do not rely on the English gloss alone; the natural subject and construction vary by mimetic word.
ぷりぷり,ぷりぷり,puripuri,sulking angrily; plump and springy,onomatopoeia,Social Behavior and Chatter,neutral,Expresses sulking angrily; plump and springy. Check the example for the kind of subject and situation it naturally describes.,何かに怒ってぷりぷりしている。,She's sulking angrily about something.,,,,Do not rely on the English gloss alone; the natural subject and construction vary by mimetic word.
つんつん,つんつん,tsuntsun,aloof and prickly (attitude),onomatopoeia,Social Behavior and Chatter,neutral,Expresses aloof and prickly (attitude). Check the example for the kind of subject and situation it naturally describes.,つんつんした態度をとられた。,"I was treated with an aloof, prickly attitude.",,,,Do not rely on the English gloss alone; the natural subject and construction vary by mimetic word.
がみがみ,がみがみ,gamigami,nagging,onomatopoeia,Social Behavior and Chatter,neutral,Expresses nagging. Check the example for the kind of subject and situation it naturally describes.,母にがみがみ言われた。,My mother nagged at me.,,,,Do not rely on the English gloss alone; the natural subject and construction vary by mimetic word.
ぶつぶつ,ぶつぶつ,butsubutsu,muttering complaints,onomatopoeia,Social Behavior and Chatter,neutral,Expresses muttering complaints. Check the example for the kind of subject and situation it naturally describes.,ぶつぶつ文句を言っていた。,He was muttering complaints.,,,,Do not rely on the English gloss alone; the natural subject and construction vary by mimetic word.
ぺらぺら,ぺらぺら,perapera,speaking fluently; chattering,onomatopoeia,Social Behavior and Chatter,neutral,Expresses speaking fluently; chattering. Check the example for the kind of subject and situation it naturally describes.,英語をぺらぺら話す。,He speaks English fluently.,,,,Do not rely on the English gloss alone; the natural subject and construction vary by mimetic word.
べらべら,べらべら,berabera,chattering on and on,onomatopoeia,Social Behavior and Chatter,neutral,Expresses chattering on and on. Check the example for the kind of subject and situation it naturally describes.,秘密をべらべらしゃべってしまった。,He blabbed on and on about the secret.,,,,Do not rely on the English gloss alone; the natural subject and construction vary by mimetic word.
がやがや,がやがや,gayagaya,noisy chatter (crowd),onomatopoeia,Social Behavior and Chatter,neutral,Expresses noisy chatter (crowd). Check the example for the kind of subject and situation it naturally describes.,教室ががやがやと騒がしい。,The classroom is noisy with chatter.,,,,Do not rely on the English gloss alone; the natural subject and construction vary by mimetic word.
わいわい,わいわい,waiwai,noisily and merrily,onomatopoeia,Social Behavior and Chatter,neutral,Expresses noisily and merrily. Check the example for the kind of subject and situation it naturally describes.,友人とわいわい楽しんだ。,"I had a noisy, merry time with friends.",,,,Do not rely on the English gloss alone; the natural subject and construction vary by mimetic word.
しんと,しんと,shinto,completely silent,onomatopoeia,"Silence, Secrecy, and Anger",neutral,Expresses completely silent. Check the example for the kind of subject and situation it naturally describes.,会場がしんと静まり返った。,The venue fell completely silent.,,,,Do not rely on the English gloss alone; the natural subject and construction vary by mimetic word.
しーんと,しーんと,shiinto,dead silent,onomatopoeia,"Silence, Secrecy, and Anger",neutral,Expresses dead silent. Check the example for the kind of subject and situation it naturally describes.,教室がしーんと静まった。,The classroom fell dead silent.,,,,Do not rely on the English gloss alone; the natural subject and construction vary by mimetic word.
こそこそ,こそこそ,kosokoso,sneakily; secretly,onomatopoeia,"Silence, Secrecy, and Anger",neutral,Expresses sneakily; secretly. Check the example for the kind of subject and situation it naturally describes.,こそこそと逃げ出した。,He sneakily ran away.,,,,Do not rely on the English gloss alone; the natural subject and construction vary by mimetic word.
そっと,そっと,sotto,gently; quietly,onomatopoeia,"Silence, Secrecy, and Anger",neutral,Expresses gently; quietly. Check the example for the kind of subject and situation it naturally describes.,そっとドアを閉めた。,I closed the door gently.,,,,Do not rely on the English gloss alone; the natural subject and construction vary by mimetic word.
ひっそり,ひっそり,hissori,quietly; secludedly,onomatopoeia,"Silence, Secrecy, and Anger",neutral,Expresses quietly; secludedly. Check the example for the kind of subject and situation it naturally describes.,ひっそりと暮らしている。,He lives quietly and secludedly.,,,,Do not rely on the English gloss alone; the natural subject and construction vary by mimetic word.
こっそり,こっそり,kossori,secretly; on the sly,onomatopoeia,"Silence, Secrecy, and Anger",neutral,Expresses secretly; on the sly. Check the example for the kind of subject and situation it naturally describes.,こっそりお菓子を食べた。,I secretly ate the snack.,,,,Do not rely on the English gloss alone; the natural subject and construction vary by mimetic word.
じわじわ,じわじわ,jiwajiwa,gradually; slowly seeping,onomatopoeia,"Silence, Secrecy, and Anger",neutral,Expresses gradually; slowly seeping. Check the example for the kind of subject and situation it naturally describes.,効果がじわじわ現れてきた。,The effect has been gradually appearing.,,,,Do not rely on the English gloss alone; the natural subject and construction vary by mimetic word.
ちょくちょく,ちょくちょく,chokuchoku,often; from time to time,onomatopoeia,"Silence, Secrecy, and Anger",neutral,Expresses often; from time to time. Check the example for the kind of subject and situation it naturally describes.,ちょくちょく顔を出している。,I drop by from time to time.,,,,Do not rely on the English gloss alone; the natural subject and construction vary by mimetic word.
かんかん,かんかん,kankan,furious; blazing (sun),onomatopoeia,"Silence, Secrecy, and Anger",neutral,Expresses furious; blazing (sun). Check the example for the kind of subject and situation it naturally describes.,父がかんかんに怒っている。,My father is absolutely furious.,,,,Do not rely on the English gloss alone; the natural subject and construction vary by mimetic word.
むかっと,むかっと,mukatto,a sudden flash of anger,onomatopoeia,"Silence, Secrecy, and Anger",neutral,Expresses a sudden flash of anger. Check the example for the kind of subject and situation it naturally describes.,失礼な態度にむかっとした。,I felt a flash of anger at the rude attitude.,,,,Do not rely on the English gloss alone; the natural subject and construction vary by mimetic word.
かちんと,かちんと,kachinto,irritated (a nerve struck),onomatopoeia,"Agreement, Appetite, and Vitality",neutral,Expresses irritated (a nerve struck). Check the example for the kind of subject and situation it naturally describes.,一言がかちんときた。,That one remark irritated me.,,,,Do not rely on the English gloss alone; the natural subject and construction vary by mimetic word.
げんなり,げんなり,gennari,exasperated; worn down,onomatopoeia,"Agreement, Appetite, and Vitality",neutral,Expresses exasperated; worn down. Check the example for the kind of subject and situation it naturally describes.,長い会議にげんなりした。,I was exasperated by the long meeting.,,,,Do not rely on the English gloss alone; the natural subject and construction vary by mimetic word.
うんうん,うんうん,un'un,nodding in agreement,onomatopoeia,"Agreement, Appetite, and Vitality",neutral,Expresses nodding in agreement. Check the example for the kind of subject and situation it naturally describes.,うんうんとうなずいて聞いた。,"I listened, nodding along in agreement.",,,,Do not rely on the English gloss alone; the natural subject and construction vary by mimetic word.
こくこく,こくこく,kokukoku,nodding repeatedly,onomatopoeia,"Agreement, Appetite, and Vitality",neutral,Expresses nodding repeatedly. Check the example for the kind of subject and situation it naturally describes.,こくこくとうなずいた。,He nodded repeatedly.,,,,Do not rely on the English gloss alone; the natural subject and construction vary by mimetic word.
ぺこぺこ,ぺこぺこ,pekopeko,bowing repeatedly; very hungry,onomatopoeia,"Agreement, Appetite, and Vitality",neutral,Expresses bowing repeatedly; very hungry. Check the example for the kind of subject and situation it naturally describes.,お腹がぺこぺこだ。,I'm very hungry.,,,,Do not rely on the English gloss alone; the natural subject and construction vary by mimetic word.
がつがつ,がつがつ,gatsugatsu,eating greedily,onomatopoeia,"Agreement, Appetite, and Vitality",neutral,Expresses eating greedily. Check the example for the kind of subject and situation it naturally describes.,がつがつとご飯を食べた。,He ate the rice greedily.,,,,Do not rely on the English gloss alone; the natural subject and construction vary by mimetic word.
すくすく,すくすく,sukusuku,growing healthily/rapidly,onomatopoeia,"Agreement, Appetite, and Vitality",neutral,Expresses growing healthily/rapidly. Check the example for the kind of subject and situation it naturally describes.,子供がすくすく育っている。,The child is growing up healthily.,,,,Do not rely on the English gloss alone; the natural subject and construction vary by mimetic word.
のびのび,のびのび,nobinobi,growing freely; relaxed,onomatopoeia,"Agreement, Appetite, and Vitality",neutral,Expresses growing freely; relaxed. Check the example for the kind of subject and situation it naturally describes.,のびのびと育った子だ。,He is a child raised freely and relaxedly.,,,,Do not rely on the English gloss alone; the natural subject and construction vary by mimetic word.
いきいき,いきいき,ikiiki,lively; vivid,onomatopoeia,"Agreement, Appetite, and Vitality",neutral,Expresses lively; vivid. Check the example for the kind of subject and situation it naturally describes.,いきいきとした表情で話した。,He spoke with a lively expression.,,,,Do not rely on the English gloss alone; the natural subject and construction vary by mimetic word.
はきはき,はきはき,hakihaki,speaking clearly and briskly,onomatopoeia,"Agreement, Appetite, and Vitality",neutral,Expresses speaking clearly and briskly. Check the example for the kind of subject and situation it naturally describes.,はきはきと受け答えした。,She responded clearly and briskly.,,,,Do not rely on the English gloss alone; the natural subject and construction vary by mimetic word.
きびきび,きびきび,kibikibi,briskly; smartly (movements),onomatopoeia,"Posture, Appearance, and Escape",neutral,Expresses briskly; smartly (movements). Check the example for the kind of subject and situation it naturally describes.,きびきびと動く新人だ。,He is a new employee who moves briskly.,,,,Do not rely on the English gloss alone; the natural subject and construction vary by mimetic word.
だらり,だらり,darari,limply hanging down,onomatopoeia,"Posture, Appearance, and Escape",neutral,Expresses limply hanging down. Check the example for the kind of subject and situation it naturally describes.,腕をだらりと下げた。,He let his arm hang down limply.,,,,Do not rely on the English gloss alone; the natural subject and construction vary by mimetic word.
ぐでんぐでん,ぐでんぐでん,gudenguden,dead drunk,onomatopoeia,"Posture, Appearance, and Escape",neutral,Expresses dead drunk. Check the example for the kind of subject and situation it naturally describes.,ぐでんぐでんに酔っ払った。,He got dead drunk.,,,,Do not rely on the English gloss alone; the natural subject and construction vary by mimetic word.
べろべろ,べろべろ,berobero,completely drunk,onomatopoeia,"Posture, Appearance, and Escape",neutral,Expresses completely drunk. Check the example for the kind of subject and situation it naturally describes.,べろべろになるまで飲んだ。,He drank until he was completely drunk.,,,,Do not rely on the English gloss alone; the natural subject and construction vary by mimetic word.
しゃきっと,しゃきっと,shakitto,snapping to attention; crisp,onomatopoeia,"Posture, Appearance, and Escape",neutral,Expresses snapping to attention; crisp. Check the example for the kind of subject and situation it naturally describes.,しゃきっとした態度で臨んだ。,"He approached it with a crisp, focused attitude.",,,,Do not rely on the English gloss alone; the natural subject and construction vary by mimetic word.
きりっと,きりっと,kiritto,sharp; determined-looking,onomatopoeia,"Posture, Appearance, and Escape",neutral,Expresses sharp; determined-looking. Check the example for the kind of subject and situation it naturally describes.,きりっとした表情で答えた。,"She answered with a sharp, determined expression.",,,,Do not rely on the English gloss alone; the natural subject and construction vary by mimetic word.
すっと,すっと,sutto,smoothly; quickly and quietly,onomatopoeia,"Posture, Appearance, and Escape",neutral,Expresses smoothly; quickly and quietly. Check the example for the kind of subject and situation it naturally describes.,すっと立ち上がった。,He stood up smoothly.,,,,Do not rely on the English gloss alone; the natural subject and construction vary by mimetic word.
にゅっと,にゅっと,nyutto,suddenly poking out,onomatopoeia,"Posture, Appearance, and Escape",neutral,Expresses suddenly poking out. Check the example for the kind of subject and situation it naturally describes.,物陰から手がにゅっと出てきた。,A hand suddenly poked out from the shadows.,,,,Do not rely on the English gloss alone; the natural subject and construction vary by mimetic word.
ぬっと,ぬっと,nutto,suddenly appearing (looming),onomatopoeia,"Posture, Appearance, and Escape",neutral,Expresses suddenly appearing (looming). Check the example for the kind of subject and situation it naturally describes.,暗闇から人影がぬっと現れた。,A figure suddenly loomed out of the darkness.,,,,Do not rely on the English gloss alone; the natural subject and construction vary by mimetic word.
すたこら,すたこら,sutakora,scurrying away quickly,onomatopoeia,"Posture, Appearance, and Escape",neutral,Expresses scurrying away quickly. Check the example for the kind of subject and situation it naturally describes.,すたこらと逃げていった。,He scurried away quickly.,,,,Do not rely on the English gloss alone; the natural subject and construction vary by mimetic word.
ぴょんぴょん,ぴょんぴょん,pyonpyon,hopping,onomatopoeia,"Hopping, Rolling, and Swaying",neutral,Expresses hopping. Check the example for the kind of subject and situation it naturally describes.,うれしくてぴょんぴょん跳ねた。,"I hopped up and down, delighted.",,,,Do not rely on the English gloss alone; the natural subject and construction vary by mimetic word.
ぴょこぴょこ,ぴょこぴょこ,pyokopyoko,bobbing up and down,onomatopoeia,"Hopping, Rolling, and Swaying",neutral,Expresses bobbing up and down. Check the example for the kind of subject and situation it naturally describes.,頭がぴょこぴょこ動いていた。,His head was bobbing up and down.,,,,Do not rely on the English gloss alone; the natural subject and construction vary by mimetic word.
ころころ,ころころ,korokoro,rolling; changing frequently,onomatopoeia,"Hopping, Rolling, and Swaying",neutral,Expresses rolling; changing frequently. Check the example for the kind of subject and situation it naturally describes.,ボールがころころ転がった。,The ball rolled along.,,,,Do not rely on the English gloss alone; the natural subject and construction vary by mimetic word.
くるくる,くるくる,kurukuru,spinning round and round,onomatopoeia,"Hopping, Rolling, and Swaying",neutral,Expresses spinning round and round. Check the example for the kind of subject and situation it naturally describes.,風車がくるくる回っている。,The pinwheel is spinning round and round.,,,,Do not rely on the English gloss alone; the natural subject and construction vary by mimetic word.
ぐるぐる,ぐるぐる,guruguru,going around repeatedly (also dizziness),onomatopoeia,"Hopping, Rolling, and Swaying",neutral,Expresses going around repeatedly (also dizziness). Check the example for the kind of subject and situation it naturally describes.,考えが頭の中でぐるぐる回った。,My thoughts went round and round in my head.,,,,Do not rely on the English gloss alone; the natural subject and construction vary by mimetic word.
ふわり,ふわり,fuwari,softly floating down,onomatopoeia,"Hopping, Rolling, and Swaying",neutral,Expresses softly floating down. Check the example for the kind of subject and situation it naturally describes.,花びらがふわりと舞い落ちた。,The petals floated softly down.,,,,Do not rely on the English gloss alone; the natural subject and construction vary by mimetic word.
ひらひら,ひらひら,hirahira,fluttering,onomatopoeia,"Hopping, Rolling, and Swaying",neutral,Expresses fluttering. Check the example for the kind of subject and situation it naturally describes.,蝶がひらひらと飛んでいる。,The butterfly is fluttering as it flies.,,,,Do not rely on the English gloss alone; the natural subject and construction vary by mimetic word.
ゆらゆら,ゆらゆら,yurayura,swaying gently,onomatopoeia,"Hopping, Rolling, and Swaying",neutral,Expresses swaying gently. Check the example for the kind of subject and situation it naturally describes.,木々がゆらゆらと揺れていた。,The trees were swaying gently.,,,,Do not rely on the English gloss alone; the natural subject and construction vary by mimetic word.
ゆらり,ゆらり,yurari,a single gentle sway,onomatopoeia,"Hopping, Rolling, and Swaying",neutral,Expresses a single gentle sway. Check the example for the kind of subject and situation it naturally describes.,炎がゆらりと揺れた。,The flame swayed gently.,,,,Do not rely on the English gloss alone; the natural subject and construction vary by mimetic word.
ゆさゆさ,ゆさゆさ,yusayusa,shaking vigorously,onomatopoeia,"Hopping, Rolling, and Swaying",neutral,Expresses shaking vigorously. Check the example for the kind of subject and situation it naturally describes.,地震で家がゆさゆさ揺れた。,The house shook vigorously in the earthquake.,,,,Do not rely on the English gloss alone; the natural subject and construction vary by mimetic word.
ぐらぐら,ぐらぐら,guragura,wobbling; boiling vigorously,onomatopoeia,"Shaking, Breaking, and Scattering",neutral,Expresses wobbling; boiling vigorously. Check the example for the kind of subject and situation it naturally describes.,椅子の脚がぐらぐらしている。,The chair leg is wobbling.,,,,Do not rely on the English gloss alone; the natural subject and construction vary by mimetic word.
がたつく,がたつく,gatatsuku,to rattle/wobble,onomatopoeia,"Shaking, Breaking, and Scattering",neutral,Expresses to rattle/wobble. Check the example for the kind of subject and situation it naturally describes.,机ががたついて落ち着かない。,The desk wobbles and is unstable.,,,,Do not rely on the English gloss alone; the natural subject and construction vary by mimetic word.
ぐらつく,ぐらつく,guratsuku,to sway/waver (also opinion),onomatopoeia,"Shaking, Breaking, and Scattering",neutral,Expresses to sway/waver (also opinion). Check the example for the kind of subject and situation it naturally describes.,決意がぐらついてしまった。,My resolve started to waver.,,,,Do not rely on the English gloss alone; the natural subject and construction vary by mimetic word.
どしんと,どしんと,doshinto,with a heavy thud (impact),onomatopoeia,"Shaking, Breaking, and Scattering",neutral,Expresses with a heavy thud (impact). Check the example for the kind of subject and situation it naturally describes.,どしんと尻もちをついた。,I fell on my bottom with a heavy thud.,,,,Do not rely on the English gloss alone; the natural subject and construction vary by mimetic word.
ぼきっと,ぼきっと,bokitto,snapping sound (breaking),onomatopoeia,"Shaking, Breaking, and Scattering",neutral,Expresses snapping sound (breaking). Check the example for the kind of subject and situation it naturally describes.,枝がぼきっと折れた。,The branch snapped with a crack.,,,,Do not rely on the English gloss alone; the natural subject and construction vary by mimetic word.
ぱきっと,ぱきっと,pakitto,a sharp cracking sound,onomatopoeia,"Shaking, Breaking, and Scattering",neutral,Expresses a sharp cracking sound. Check the example for the kind of subject and situation it naturally describes.,氷がぱきっと割れた。,The ice cracked with a sharp sound.,,,,Do not rely on the English gloss alone; the natural subject and construction vary by mimetic word.
びりびり,びりびり,biribiri,tearing sound; electric tingling,onomatopoeia,"Shaking, Breaking, and Scattering",neutral,Expresses tearing sound; electric tingling. Check the example for the kind of subject and situation it naturally describes.,紙をびりびりに破いた。,I tore the paper to shreds.,,,,Do not rely on the English gloss alone; the natural subject and construction vary by mimetic word.
ぐしゃぐしゃ,ぐしゃぐしゃ,gushagusha,crumpled; mushed up,onomatopoeia,"Shaking, Breaking, and Scattering",neutral,Expresses crumpled; mushed up. Check the example for the kind of subject and situation it naturally describes.,紙がぐしゃぐしゃになった。,The paper became crumpled up.,,,,Do not rely on the English gloss alone; the natural subject and construction vary by mimetic word.
くしゃくしゃ,くしゃくしゃ,kushakusha,crumpled; disheveled,onomatopoeia,"Shaking, Breaking, and Scattering",neutral,Expresses crumpled; disheveled. Check the example for the kind of subject and situation it naturally describes.,髪がくしゃくしゃになっていた。,His hair had become disheveled.,,,,Do not rely on the English gloss alone; the natural subject and construction vary by mimetic word.
ばらばら,ばらばら,barabara,scattered; falling apart,onomatopoeia,"Shaking, Breaking, and Scattering",neutral,Expresses scattered; falling apart. Check the example for the kind of subject and situation it naturally describes.,意見がばらばらでまとまらない。,Opinions were scattered and couldn't be unified.,,,,Do not rely on the English gloss alone; the natural subject and construction vary by mimetic word.
めちゃくちゃ,めちゃくちゃ,mechakucha,messy; extremely (intensifier),onomatopoeia,"Mess, Sound, and Flow",neutral,Expresses messy; extremely (intensifier). Check the example for the kind of subject and situation it naturally describes.,部屋がめちゃくちゃに散らかっている。,The room is messily cluttered.,,,,Do not rely on the English gloss alone; the natural subject and construction vary by mimetic word.
ぐちゃぐちゃ,ぐちゃぐちゃ,guchagucha,messy; mushy,onomatopoeia,"Mess, Sound, and Flow",neutral,Expresses messy; mushy. Check the example for the kind of subject and situation it naturally describes.,雨で道がぐちゃぐちゃになった。,The road became muddy and mushy from the rain.,,,,Do not rely on the English gloss alone; the natural subject and construction vary by mimetic word.
ぐるっと,ぐるっと,gurutto,going around in a circuit,onomatopoeia,"Mess, Sound, and Flow",neutral,Expresses going around in a circuit. Check the example for the kind of subject and situation it naturally describes.,公園をぐるっと一周した。,I went once around the park.,,,,Do not rely on the English gloss alone; the natural subject and construction vary by mimetic word.
ぱたぱた,ぱたぱた,patapata,flapping/pattering sound,onomatopoeia,"Mess, Sound, and Flow",neutral,Expresses flapping/pattering sound. Check the example for the kind of subject and situation it naturally describes.,スリッパがぱたぱたと音を立てた。,The slippers made a pattering sound.,,,,Do not rely on the English gloss alone; the natural subject and construction vary by mimetic word.
とんとん,とんとん,tonton,tapping sound; going smoothly,onomatopoeia,"Mess, Sound, and Flow",neutral,Expresses tapping sound; going smoothly. Check the example for the kind of subject and situation it naturally describes.,ドアをとんとんとノックした。,I tapped and knocked on the door.,,,,Do not rely on the English gloss alone; the natural subject and construction vary by mimetic word.
こんこん,こんこん,konkon,knocking; coughing sound,onomatopoeia,"Mess, Sound, and Flow",neutral,Expresses knocking; coughing sound. Check the example for the kind of subject and situation it naturally describes.,咳がこんこんと出た。,I coughed repeatedly.,,,,Do not rely on the English gloss alone; the natural subject and construction vary by mimetic word.
げほげほ,げほげほ,gehogeho,coughing violently,onomatopoeia,"Mess, Sound, and Flow",neutral,Expresses coughing violently. Check the example for the kind of subject and situation it naturally describes.,煙にむせてげほげほ咳き込んだ。,"I coughed violently, choking on the smoke.",,,,Do not rely on the English gloss alone; the natural subject and construction vary by mimetic word.
ぽつぽつ,ぽつぽつ,potsupotsu,sporadically; drops beginning to fall,onomatopoeia,"Mess, Sound, and Flow",neutral,Expresses sporadically; drops beginning to fall. Check the example for the kind of subject and situation it naturally describes.,雨がぽつぽつ降り始めた。,Rain began falling sporadically.,,,,Do not rely on the English gloss alone; the natural subject and construction vary by mimetic word.
ぽたぽた,ぽたぽた,potapota,dripping,onomatopoeia,"Mess, Sound, and Flow",neutral,Expresses dripping. Check the example for the kind of subject and situation it naturally describes.,水滴がぽたぽたと落ちた。,"Water droplets fell, dripping.",,,,Do not rely on the English gloss alone; the natural subject and construction vary by mimetic word.
だらだら流れる,だらだらながれる,daradara nagareru,sweating profusely (streaming),expression,"Mess, Sound, and Flow",neutral,Expresses sweating profusely (streaming). Check the example for the kind of subject and situation it naturally describes.,暑さで汗がだらだら流れた。,Sweat streamed down profusely from the heat.,,,,Do not rely on the English gloss alone; the natural subject and construction vary by mimetic word.
じゃあじゃあ,じゃあじゃあ,jaajaa,gushing water sound,onomatopoeia,"Liquids, Bubbles, and Clatter",neutral,Expresses gushing water sound. Check the example for the kind of subject and situation it naturally describes.,水道の水をじゃあじゃあ流した。,I let the tap water gush out.,,,,Do not rely on the English gloss alone; the natural subject and construction vary by mimetic word.
ちょろちょろ,ちょろちょろ,chorochoro,trickling; darting around,onomatopoeia,"Liquids, Bubbles, and Clatter",neutral,Expresses trickling; darting around. Check the example for the kind of subject and situation it naturally describes.,小川の水がちょろちょろ流れている。,The stream water is trickling along.,,,,Do not rely on the English gloss alone; the natural subject and construction vary by mimetic word.
どくどく,どくどく,dokudoku,gushing (blood/liquid); pulsing,onomatopoeia,"Liquids, Bubbles, and Clatter",neutral,Expresses gushing (blood/liquid); pulsing. Check the example for the kind of subject and situation it naturally describes.,傷口から血がどくどく流れた。,Blood gushed from the wound.,,,,Do not rely on the English gloss alone; the natural subject and construction vary by mimetic word.
ぷくぷく,ぷくぷく,pukupuku,bubbling gently; plump,onomatopoeia,"Liquids, Bubbles, and Clatter",neutral,Expresses bubbling gently; plump. Check the example for the kind of subject and situation it naturally describes.,炭酸水がぷくぷく泡立った。,The sparkling water bubbled gently.,,,,Do not rely on the English gloss alone; the natural subject and construction vary by mimetic word.
ぶくぶく,ぶくぶく,bukubuku,bubbling; swelling up,onomatopoeia,"Liquids, Bubbles, and Clatter",neutral,Expresses bubbling; swelling up. Check the example for the kind of subject and situation it naturally describes.,石鹸がぶくぶく泡立った。,The soap bubbled up frothily.,,,,Do not rely on the English gloss alone; the natural subject and construction vary by mimetic word.
しゅわしゅわ,しゅわしゅわ,shuwashuwa,fizzy; effervescent,onomatopoeia,"Liquids, Bubbles, and Clatter",neutral,Expresses fizzy; effervescent. Check the example for the kind of subject and situation it naturally describes.,しゅわしゅわの炭酸飲料が好きだ。,I like fizzy carbonated drinks.,,,,Do not rely on the English gloss alone; the natural subject and construction vary by mimetic word.
ぱちんと,ぱちんと,pachinto,a snapping/clicking sound,onomatopoeia,"Liquids, Bubbles, and Clatter",neutral,Expresses a snapping/clicking sound. Check the example for the kind of subject and situation it naturally describes.,指をぱちんと鳴らした。,He snapped his fingers with a click.,,,,Do not rely on the English gloss alone; the natural subject and construction vary by mimetic word.
かちゃかちゃ,かちゃかちゃ,kachakacha,clinking/clattering (dishes/keys),onomatopoeia,"Liquids, Bubbles, and Clatter",neutral,Expresses clinking/clattering (dishes/keys). Check the example for the kind of subject and situation it naturally describes.,食器がかちゃかちゃと音を立てた。,The dishes clattered noisily.,,,,Do not rely on the English gloss alone; the natural subject and construction vary by mimetic word.
がちゃがちゃ,がちゃがちゃ,gachagacha,clattering loudly; messy,onomatopoeia,"Liquids, Bubbles, and Clatter",neutral,Expresses clattering loudly; messy. Check the example for the kind of subject and situation it naturally describes.,鍵をがちゃがちゃ回した。,He rattled the key noisily in the lock.,,,,Do not rely on the English gloss alone; the natural subject and construction vary by mimetic word.
かたかた,かたかた,katakata,rattling; clattering (light),onomatopoeia,"Liquids, Bubbles, and Clatter",neutral,Expresses rattling; clattering (light). Check the example for the kind of subject and situation it naturally describes.,キーボードをかたかたと打った。,I typed away clattering on the keyboard.,,,,Do not rely on the English gloss alone; the natural subject and construction vary by mimetic word.
こんもり,こんもり,konmori,mounded up; densely piled,onomatopoeia,"Shape, Surface, and Sudden Motion",neutral,Expresses mounded up; densely piled. Check the example for the kind of subject and situation it naturally describes.,雪がこんもり積もった。,The snow piled up in a mound.,,,,Do not rely on the English gloss alone; the natural subject and construction vary by mimetic word.
もっこり,もっこり,mokkori,bulging out,onomatopoeia,"Shape, Surface, and Sudden Motion",neutral,Expresses bulging out. Check the example for the kind of subject and situation it naturally describes.,バッグがもっこりと膨らんでいた。,The bag was bulging out.,,,,Do not rely on the English gloss alone; the natural subject and construction vary by mimetic word.
すべすべ,すべすべ,subesube,smooth (skin/surface),onomatopoeia,"Shape, Surface, and Sudden Motion",neutral,Expresses smooth (skin/surface). Check the example for the kind of subject and situation it naturally describes.,すべすべの肌になりたい。,I want smooth skin.,,,,Do not rely on the English gloss alone; the natural subject and construction vary by mimetic word.
つやつや,つやつや,tsuyatsuya,glossy; lustrous,onomatopoeia,"Shape, Surface, and Sudden Motion",neutral,Expresses glossy; lustrous. Check the example for the kind of subject and situation it naturally describes.,つやつやの髪が羨ましい。,I envy her glossy hair.,,,,Do not rely on the English gloss alone; the natural subject and construction vary by mimetic word.
ぴかっと,ぴかっと,pikatto,flashing brightly,onomatopoeia,"Shape, Surface, and Sudden Motion",neutral,Expresses flashing brightly. Check the example for the kind of subject and situation it naturally describes.,稲妻がぴかっと光った。,Lightning flashed brightly.,,,,Do not rely on the English gloss alone; the natural subject and construction vary by mimetic word.
ぴょんと,ぴょんと,pyonto,a single hop/jump,onomatopoeia,"Shape, Surface, and Sudden Motion",neutral,Expresses a single hop/jump. Check the example for the kind of subject and situation it naturally describes.,猫が椅子にぴょんと飛び乗った。,The cat hopped onto the chair.,,,,Do not rely on the English gloss alone; the natural subject and construction vary by mimetic word.
ひょいと,ひょいと,hyoito,casually/lightly (picking up),onomatopoeia,"Shape, Surface, and Sudden Motion",neutral,Expresses casually/lightly (picking up). Check the example for the kind of subject and situation it naturally describes.,荷物をひょいと持ち上げた。,He lightly picked up the luggage.,,,,Do not rely on the English gloss alone; the natural subject and construction vary by mimetic word.
ひょっこり,ひょっこり,hyokkori,appearing unexpectedly,onomatopoeia,"Shape, Surface, and Sudden Motion",neutral,Expresses appearing unexpectedly. Check the example for the kind of subject and situation it naturally describes.,旧友がひょっこり顔を出した。,An old friend unexpectedly showed up.,,,,Do not rely on the English gloss alone; the natural subject and construction vary by mimetic word.
ばったり,ばったり,battari,running into by chance; suddenly stopping,onomatopoeia,"Shape, Surface, and Sudden Motion",neutral,Expresses running into by chance; suddenly stopping. Check the example for the kind of subject and situation it naturally describes.,駅で友人にばったり会った。,I ran into a friend by chance at the station.,,,,Do not rely on the English gloss alone; the natural subject and construction vary by mimetic word.
きっぱり,きっぱり,kippari,decisively; flatly (refusing),onomatopoeia,"Shape, Surface, and Sudden Motion",neutral,Expresses decisively; flatly (refusing). Check the example for the kind of subject and situation it naturally describes.,きっぱりと断った。,I flatly refused.,,,,Do not rely on the English gloss alone; the natural subject and construction vary by mimetic word.
はっきり,はっきり,hakkiri,clearly,onomatopoeia,"Clarity, Change, and Body Shape",neutral,Expresses clearly. Check the example for the kind of subject and situation it naturally describes.,はっきりと意見を伝えた。,I clearly conveyed my opinion.,,,,Do not rely on the English gloss alone; the natural subject and construction vary by mimetic word.
ずばり,ずばり,zubari,exactly; bluntly (to the point),onomatopoeia,"Clarity, Change, and Body Shape",neutral,Expresses exactly; bluntly (to the point). Check the example for the kind of subject and situation it naturally describes.,ずばりと本質を突いた。,He hit exactly at the essence of the matter.,,,,Do not rely on the English gloss alone; the natural subject and construction vary by mimetic word.
すんなり,すんなり,sunnari,smoothly; without a hitch,onomatopoeia,"Clarity, Change, and Body Shape",neutral,Expresses smoothly; without a hitch. Check the example for the kind of subject and situation it naturally describes.,手続きがすんなり進んだ。,The procedure went smoothly without a hitch.,,,,Do not rely on the English gloss alone; the natural subject and construction vary by mimetic word.
あっさり,あっさり,assari,easily; readily (giving up),onomatopoeia,"Clarity, Change, and Body Shape",neutral,Expresses easily; readily (giving up). Check the example for the kind of subject and situation it naturally describes.,あっさり負けを認めた。,He readily admitted defeat.,,,,Do not rely on the English gloss alone; the natural subject and construction vary by mimetic word.
ころっと,ころっと,korotto,completely (changing suddenly),onomatopoeia,"Clarity, Change, and Body Shape",neutral,Expresses completely (changing suddenly). Check the example for the kind of subject and situation it naturally describes.,意見がころっと変わった。,His opinion completely changed all of a sudden.,,,,Do not rely on the English gloss alone; the natural subject and construction vary by mimetic word.
がらりと,がらりと,gararito,completely (a drastic change),onomatopoeia,"Clarity, Change, and Body Shape",neutral,Expresses completely (a drastic change). Check the example for the kind of subject and situation it naturally describes.,雰囲気ががらりと変わった。,The atmosphere changed completely.,,,,Do not rely on the English gloss alone; the natural subject and construction vary by mimetic word.
すっかり,すっかり,sukkari,completely; entirely,onomatopoeia,"Clarity, Change, and Body Shape",neutral,Expresses completely; entirely. Check the example for the kind of subject and situation it naturally describes.,すっかり忘れていた。,I had completely forgotten.,,,,Do not rely on the English gloss alone; the natural subject and construction vary by mimetic word.
まるまる,まるまる,marumaru,plump and round,onomatopoeia,"Clarity, Change, and Body Shape",neutral,Expresses plump and round. Check the example for the kind of subject and situation it naturally describes.,まるまると太った猫だ。,"It's a plump, round cat.",,,,Do not rely on the English gloss alone; the natural subject and construction vary by mimetic word.
ぽっちゃり,ぽっちゃり,pocchari,chubby (cute),onomatopoeia,"Clarity, Change, and Body Shape",neutral,Expresses chubby (cute). Check the example for the kind of subject and situation it naturally describes.,ぽっちゃりした頬がかわいい。,Her chubby cheeks are cute.,,,,Do not rely on the English gloss alone; the natural subject and construction vary by mimetic word.
がりがりに痩せる,がりがりにやせる,garigari ni yaseru,to become skinny/scrawny,expression,"Clarity, Change, and Body Shape",neutral,Expresses to become skinny/scrawny. Check the example for the kind of subject and situation it naturally describes.,最近がりがりに痩せてしまった。,He has recently become scrawny thin.,,,,Do not rely on the English gloss alone; the natural subject and construction vary by mimetic word.
ほっそり,ほっそり,hossori,slender,onomatopoeia,"Build, Cutting, and Bluntness",neutral,Expresses slender. Check the example for the kind of subject and situation it naturally describes.,ほっそりした体型を維持している。,She maintains a slender figure.,,,,Do not rely on the English gloss alone; the natural subject and construction vary by mimetic word.
むちむち,むちむち,muchimuchi,plump and firm,onomatopoeia,"Build, Cutting, and Bluntness",neutral,Expresses plump and firm. Check the example for the kind of subject and situation it naturally describes.,赤ちゃんのむちむちした足がかわいい。,"The baby's plump, firm legs are cute.",,,,Do not rely on the English gloss alone; the natural subject and construction vary by mimetic word.
がっしり,がっしり,gasshiri,sturdily built; robust,onomatopoeia,"Build, Cutting, and Bluntness",neutral,Expresses sturdily built; robust. Check the example for the kind of subject and situation it naturally describes.,がっしりした体格の選手だ。,He is an athlete with a sturdy build.,,,,Do not rely on the English gloss alone; the natural subject and construction vary by mimetic word.
ひょろひょろ,ひょろひょろ,hyorohyoro,lanky and frail,onomatopoeia,"Build, Cutting, and Bluntness",neutral,Expresses lanky and frail. Check the example for the kind of subject and situation it naturally describes.,ひょろひょろとした若木だった。,"It was a lanky, frail young tree.",,,,Do not rely on the English gloss alone; the natural subject and construction vary by mimetic word.
よぼよぼ,よぼよぼ,yoboyobo,feeble; frail with age,onomatopoeia,"Build, Cutting, and Bluntness",neutral,Expresses feeble; frail with age. Check the example for the kind of subject and situation it naturally describes.,祖父はよぼよぼと歩いている。,My grandfather walks feebly.,,,,Do not rely on the English gloss alone; the natural subject and construction vary by mimetic word.
しゃんと,しゃんと,shanto,upright; alert posture,onomatopoeia,"Build, Cutting, and Bluntness",neutral,Expresses upright; alert posture. Check the example for the kind of subject and situation it naturally describes.,背筋をしゃんと伸ばした。,I straightened my back upright.,,,,Do not rely on the English gloss alone; the natural subject and construction vary by mimetic word.
ぴしゃりと,ぴしゃりと,pishario to,sharply; with a slap (rejection),onomatopoeia,"Build, Cutting, and Bluntness",neutral,Expresses sharply; with a slap (rejection). Check the example for the kind of subject and situation it naturally describes.,ぴしゃりと断られた。,I was sharply refused.,,,,Do not rely on the English gloss alone; the natural subject and construction vary by mimetic word.
ばっさり,ばっさり,bassari,cutting decisively (hair/budget),onomatopoeia,"Build, Cutting, and Bluntness",neutral,Expresses cutting decisively (hair/budget). Check the example for the kind of subject and situation it naturally describes.,髪をばっさり切った。,I decisively cut my hair short.,,,,Do not rely on the English gloss alone; the natural subject and construction vary by mimetic word.
すぱっと,すぱっと,supatto,cleanly; decisively (cutting),onomatopoeia,"Build, Cutting, and Bluntness",neutral,Expresses cleanly; decisively (cutting). Check the example for the kind of subject and situation it naturally describes.,すぱっと縁を切った。,I cleanly cut ties.,,,,Do not rely on the English gloss alone; the natural subject and construction vary by mimetic word.
ずばずば,ずばずば,zubazuba,"speaking bluntly, one after another",onomatopoeia,"Build, Cutting, and Bluntness",neutral,"Expresses speaking bluntly, one after another. Check the example for the kind of subject and situation it naturally describes.",ずばずばと意見を言う人だ。,He is a person who speaks his opinions bluntly.,,,,Do not rely on the English gloss alone; the natural subject and construction vary by mimetic word.
つべこべ,つべこべ,tsubekobe,grumbling excuses,onomatopoeia,"Complaints, Commotion, and Pain",neutral,Expresses grumbling excuses. Check the example for the kind of subject and situation it naturally describes.,つべこべ言わずにやりなさい。,Do it without grumbling excuses.,,,,Do not rely on the English gloss alone; the natural subject and construction vary by mimetic word.
ぐだぐだ,ぐだぐだ,gudaguda,aimless and unfocused; dragging on,onomatopoeia,"Complaints, Commotion, and Pain",neutral,Expresses aimless and unfocused; dragging on. Check the example for the kind of subject and situation it naturally describes.,会議がぐだぐだになった。,The meeting became aimless and unfocused.,,,,Do not rely on the English gloss alone; the natural subject and construction vary by mimetic word.
だべる,だべる,daberu,to chat casually (slang),onomatopoeia,"Complaints, Commotion, and Pain",neutral,Expresses to chat casually (slang). Check the example for the kind of subject and situation it naturally describes.,カフェで友人とだべった。,I chatted casually with a friend at a cafe.,,,,Do not rely on the English gloss alone; the natural subject and construction vary by mimetic word.
わあわあ,わあわあ,waawaa,wailing loudly; loud commotion,onomatopoeia,"Complaints, Commotion, and Pain",neutral,Expresses wailing loudly; loud commotion. Check the example for the kind of subject and situation it naturally describes.,子供がわあわあ泣き出した。,The child started wailing loudly.,,,,Do not rely on the English gloss alone; the natural subject and construction vary by mimetic word.
きゃあきゃあ,きゃあきゃあ,kyaakyaa,squealing (excited/scared),onomatopoeia,"Complaints, Commotion, and Pain",neutral,Expresses squealing (excited/scared). Check the example for the kind of subject and situation it naturally describes.,きゃあきゃあ言いながら遊んでいる。,They are playing while squealing excitedly.,,,,Do not rely on the English gloss alone; the natural subject and construction vary by mimetic word.
わいわいがやがや,わいわいがやがや,waiwai gayagaya,"a noisy, bustling atmosphere",onomatopoeia,"Complaints, Commotion, and Pain",neutral,"Expresses a noisy, bustling atmosphere. Check the example for the kind of subject and situation it naturally describes.",わいわいがやがやとにぎやかだった。,"It was lively with a noisy, bustling atmosphere.",,,,Do not rely on the English gloss alone; the natural subject and construction vary by mimetic word.
しくしくと,しくしくと,shikushiku to,a dull aching pain (stomach),onomatopoeia,"Complaints, Commotion, and Pain",neutral,Expresses a dull aching pain (stomach). Check the example for the kind of subject and situation it naturally describes.,お腹がしくしくと痛む。,My stomach aches with a dull pain.,,,,Do not rely on the English gloss alone; the natural subject and construction vary by mimetic word.
きりきり,きりきり,kirikiri,"a sharp, gripping pain",onomatopoeia,"Complaints, Commotion, and Pain",neutral,"Expresses a sharp, gripping pain. Check the example for the kind of subject and situation it naturally describes.",胃がきりきりと痛んだ。,"My stomach hurt with a sharp, gripping pain.",,,,Do not rely on the English gloss alone; the natural subject and construction vary by mimetic word.
ふにゃふにゃ,ふにゃふにゃ,funyafunya,soft and floppy,onomatopoeia,"Complaints, Commotion, and Pain",neutral,Expresses soft and floppy. Check the example for the kind of subject and situation it naturally describes.,ふにゃふにゃの人形を子供に渡した。,"I gave the child a soft, floppy doll.",,,,Do not rely on the English gloss alone; the natural subject and construction vary by mimetic word.
ぷんぷん,ぷんぷん,punpun,visibly angry; strongly smelling,onomatopoeia,"Complaints, Commotion, and Pain",neutral,Expresses visibly angry; strongly smelling. Check the example for the kind of subject and situation it naturally describes.,何かにぷんぷん怒っている。,She's visibly angry about something.,,,,Do not rely on the English gloss alone; the natural subject and construction vary by mimetic word.
